min_samples_split_randomc,n_estimators_randomr,n_estimators_randomc,max_depth_randomr,max_depth_randomc,min_samples_split_randomr,max_features_randomr,max_samples_randomr,max_features_randomc,max_samples_randomc,min_samples_leaf_randomr,min_samples_leaf_randomc,degree,mse,r2
16,100,50,9,9,16,0.9,0.9,0.4999999999999999,0.4999999999999999,5,5,10,0.16621314551319769,0.8337868544868023
16,100,50,9,9,16,0.7,0.7,0.7,0.7,7,7,10,0.1679244070564664,0.8320755929435336
16,50,100,9,9,16,0.5,0.5,0.8999999999999999,0.8999999999999999,7,7,10,0.16795289256933724,0.8320471074306628
16,50,100,9,9,16,0.9,0.9,0.4999999999999999,0.4999999999999999,5,5,10,0.168082028804464,0.831917971195536
48,100,50,9,9,16,0.9,0.9,0.4999999999999999,0.4999999999999999,5,5,10,0.16819012861706711,0.8318098713829329
16,100,50,9,9,16,0.9,0.9,0.4999999999999999,0.4999999999999999,9,9,10,0.16825306128430956,0.8317469387156904
16,100,50,9,9,16,0.7,0.7,0.7,0.7,5,5,10,0.16997861922347324,0.8300213807765268
16,50,100,9,9,16,0.7,0.7,0.7,0.7,7,7,10,0.17001247370444963,0.8299875262955504
48,100,50,9,9,16,0.9,0.9,0.4999999999999999,0.4999999999999999,3,3,10,0.17044063160031017,0.8295593683996898
16,100,50,9,9,16,0.9,0.9,0.4999999999999999,0.4999999999999999,7,7,10,0.1708443291349484,0.8291556708650516
48,100,50,9,9,16,0.7,0.7,0.7,0.7,7,7,10,0.17093676646083136,0.8290632335391687
48,100,50,9,9,16,0.7,0.7,0.7,0.7,5,5,10,0.17150786696835058,0.8284921330316495
16,100,50,9,9,16,0.9,0.9,0.4999999999999999,0.4999999999999999,3,3,10,0.1724271313979318,0.8275728686020682
48,50,100,9,9,16,0.5,0.5,0.8999999999999999,0.8999999999999999,7,7,10,0.17264363238884683,0.8273563676111532
16,100,50,9,9,16,0.9,0.9,0.4999999999999999,0.4999999999999999,1,1,10,0.17369598470187975,0.8263040152981203
80,100,50,9,9,16,0.7,0.7,0.7,0.7,7,7,10,0.17370108924859073,0.8262989107514093
16,50,100,9,9,16,0.9,0.9,0.4999999999999999,0.4999999999999999,7,7,10,0.17387212276149608,0.8261278772385039
48,100,50,9,9,16,0.9,0.9,0.4999999999999999,0.4999999999999999,7,7,10,0.1740364020293567,0.8259635979706433
16,50,100,9,9,16,0.9,0.9,0.4999999999999999,0.4999999999999999,1,1,10,0.17411624393262712,0.8258837560673729
48,50,100,9,9,16,0.7,0.7,0.7,0.7,1,1,10,0.17430280484754318,0.8256971951524568
48,50,100,9,9,16,0.7,0.7,0.7,0.7,7,7,10,0.17479076185998574,0.8252092381400142
48,50,100,9,9,16,0.9,0.9,0.4999999999999999,0.4999999999999999,5,5,10,0.17483833972034465,0.8251616602796553
80,50,100,9,9,16,0.9,0.9,0.4999999999999999,0.4999999999999999,3,3,10,0.17503854630172827,0.8249614536982717
48,50,100,9,9,16,0.7,0.7,0.7,0.7,3,3,10,0.1750735763405592,0.8249264236594408
16,50,100,9,9,16,0.9,0.9,0.4999999999999999,0.4999999999999999,9,9,10,0.17515813130738986,0.8248418686926101
48,50,100,9,9,16,0.9,0.9,0.4999999999999999,0.4999999999999999,3,3,10,0.17528561910458867,0.8247143808954114
16,50,100,9,9,16,0.7,0.7,0.7,0.7,5,5,10,0.17529323893739251,0.8247067610626075
48,50,100,9,9,16,0.7,0.7,0.7,0.7,9,9,10,0.17539009746636733,0.8246099025336326
48,100,50,9,9,16,0.9,0.9,0.4999999999999999,0.4999999999999999,1,1,10,0.17547327757481618,0.8245267224251838
48,50,100,9,9,16,0.9,0.9,0.4999999999999999,0.4999999999999999,7,7,10,0.1759925614058171,0.8240074385941829
48,100,50,9,9,16,0.7,0.7,0.7,0.7,3,3,10,0.17638433656095265,0.8236156634390474
80,50,100,9,9,16,0.5,0.5,0.8999999999999999,0.8999999999999999,7,7,10,0.17650318601378281,0.8234968139862172
48,50,100,9,9,16,0.7,0.7,0.7,0.7,5,5,10,0.17668137950052953,0.8233186204994705
16,50,100,9,9,16,0.5,0.5,0.8999999999999999,0.8999999999999999,9,9,10,0.1768085243477166,0.8231914756522833
16,50,100,9,9,16,0.7,0.7,0.7,0.7,1,1,10,0.17685132389536962,0.8231486761046304
16,100,50,9,9,16,0.7,0.7,0.7,0.7,1,1,10,0.17699320361743553,0.8230067963825645
80,100,50,9,9,16,0.9,0.9,0.4999999999999999,0.4999999999999999,5,5,10,0.17703928829934662,0.8229607117006534
48,100,50,9,9,16,0.9,0.9,0.4999999999999999,0.4999999999999999,9,9,10,0.17728070407551247,0.8227192959244876
16,50,100,9,9,16,0.7,0.7,0.7,0.7,3,3,10,0.17758457588234436,0.8224154241176557
80,100,50,9,9,16,0.9,0.9,0.4999999999999999,0.4999999999999999,3,3,10,0.17762583859532152,0.8223741614046784
80,50,100,9,9,16,0.7,0.7,0.7,0.7,7,7,10,0.1778904066000891,0.822109593399911
16,100,50,9,9,16,0.7,0.7,0.7,0.7,3,3,10,0.17798276671217672,0.8220172332878233
16,50,100,9,9,16,0.7,0.7,0.7,0.7,9,9,10,0.17799299807043822,0.8220070019295618
80,100,50,9,9,16,0.9,0.9,0.4999999999999999,0.4999999999999999,7,7,10,0.17800610150905208,0.821993898490948
48,100,50,9,9,16,0.5,0.5,0.8999999999999999,0.8999999999999999,3,3,10,0.17882165003534153,0.8211783499646584
48,50,100,9,9,16,0.9,0.9,0.4999999999999999,0.4999999999999999,9,9,10,0.17913723285665178,0.8208627671433482
80,50,100,9,9,16,0.9,0.9,0.4999999999999999,0.4999999999999999,1,1,10,0.17917484683373064,0.8208251531662694
48,100,50,9,9,16,0.7,0.7,0.7,0.7,1,1,10,0.1792262828882809,0.8207737171117191
16,100,50,9,9,16,0.5,0.5,0.8999999999999999,0.8999999999999999,3,3,10,0.17924456216372572,0.8207554378362742
48,50,100,9,9,16,0.5,0.5,0.8999999999999999,0.8999999999999999,3,3,10,0.17936398142554247,0.8206360185744576
80,50,100,9,9,16,0.9,0.9,0.4999999999999999,0.4999999999999999,7,7,10,0.179404587068131,0.820595412931869
48,50,100,9,9,16,0.9,0.9,0.4999999999999999,0.4999999999999999,1,1,10,0.17952492915357335,0.8204750708464267
16,100,50,7,7,48,0.9,0.9,0.4999999999999999,0.4999999999999999,9,9,10,0.17978224482933391,0.8202177551706661
16,50,100,7,7,48,0.9,0.9,0.4999999999999999,0.4999999999999999,5,5,10,0.17996223480864645,0.8200377651913535
48,100,50,9,9,16,0.7,0.7,0.7,0.7,9,9,10,0.18011948315485876,0.8198805168451413
16,100,50,7,7,48,0.9,0.9,0.4999999999999999,0.4999999999999999,7,7,10,0.18013734883038615,0.8198626511696139
16,100,50,9,9,16,0.5,0.5,0.8999999999999999,0.8999999999999999,7,7,10,0.18019945561099787,0.8198005443890022
16,50,100,9,9,16,0.5,0.5,0.8999999999999999,0.8999999999999999,3,3,10,0.1802735010137847,0.8197264989862153
80,50,100,9,9,16,0.9,0.9,0.4999999999999999,0.4999999999999999,9,9,10,0.1806977807931104,0.8193022192068896
80,50,100,9,9,16,0.7,0.7,0.7,0.7,1,1,10,0.1808203702606298,0.8191796297393702
80,100,50,9,9,16,0.7,0.7,0.7,0.7,3,3,10,0.18139638394034174,0.8186036160596583
16,50,100,9,9,16,0.5,0.5,0.8999999999999999,0.8999999999999999,5,5,10,0.18161939964813423,0.8183806003518658
80,50,100,9,9,16,0.9,0.9,0.4999999999999999,0.4999999999999999,5,5,10,0.18162457760198378,0.8183754223980162
80,50,100,9,9,16,0.7,0.7,0.7,0.7,9,9,10,0.18188328457650907,0.818116715423491
80,100,50,9,9,16,0.9,0.9,0.4999999999999999,0.4999999999999999,9,9,10,0.18197104019377594,0.818028959806224
16,50,100,7,7,48,0.9,0.9,0.4999999999999999,0.4999999999999999,1,1,10,0.18221192496456698,0.817788075035433
80,100,50,9,9,16,0.9,0.9,0.4999999999999999,0.4999999999999999,1,1,10,0.1823145748585578,0.8176854251414423
80,50,100,9,9,16,0.7,0.7,0.7,0.7,5,5,10,0.1830820131769587,0.8169179868230413
80,50,100,9,9,16,0.7,0.7,0.7,0.7,3,3,10,0.18356776856018905,0.8164322314398109
48,50,100,9,9,16,0.5,0.5,0.8999999999999999,0.8999999999999999,9,9,10,0.18427856569833334,0.8157214343016667
16,100,50,7,7,48,0.9,0.9,0.4999999999999999,0.4999999999999999,5,5,10,0.18429929867299716,0.8157007013270028
16,50,100,7,7,48,0.9,0.9,0.4999999999999999,0.4999999999999999,9,9,10,0.18450298955704125,0.8154970104429587
80,50,100,9,9,16,0.5,0.5,0.8999999999999999,0.8999999999999999,3,3,10,0.18454008972165276,0.8154599102783473
16,100,50,7,7,48,0.9,0.9,0.4999999999999999,0.4999999999999999,1,1,10,0.18527224500438783,0.8147277549956122
48,50,100,9,9,16,0.5,0.5,0.8999999999999999,0.8999999999999999,5,5,10,0.18575815850620098,0.8142418414937991
16,50,100,7,7,48,0.9,0.9,0.4999999999999999,0.4999999999999999,7,7,10,0.18582153190936015,0.8141784680906399
16,100,50,9,9,16,0.5,0.5,0.8999999999999999,0.8999999999999999,5,5,10,0.1860657847132808,0.8139342152867192
48,100,50,9,9,16,0.5,0.5,0.8999999999999999,0.8999999999999999,7,7,10,0.18612615235729174,0.8138738476427083
80,100,50,9,9,16,0.7,0.7,0.7,0.7,9,9,10,0.1861267735944251,0.8138732264055749
80,100,50,9,9,16,0.7,0.7,0.7,0.7,5,5,10,0.18669595783754608,0.8133040421624539
80,100,50,9,9,16,0.5,0.5,0.8999999999999999,0.8999999999999999,7,7,10,0.18682387210276724,0.8131761278972327
80,100,50,9,9,16,0.7,0.7,0.7,0.7,1,1,10,0.18750698999068194,0.8124930100093181
80,50,100,9,9,16,0.5,0.5,0.8999999999999999,0.8999999999999999,9,9,10,0.18762461413304599,0.812375385866954
16,100,50,9,9,16,0.5,0.5,0.8999999999999999,0.8999999999999999,9,9,10,0.18805599493589806,0.8119440050641019
16,50,100,7,7,48,0.9,0.9,0.4999999999999999,0.4999999999999999,3,3,10,0.18863378501101694,0.8113662149889831
48,100,50,7,7,48,0.9,0.9,0.4999999999999999,0.4999999999999999,7,7,10,0.1892614822547038,0.8107385177452961
16,100,50,7,7,48,0.9,0.9,0.4999999999999999,0.4999999999999999,3,3,10,0.1893007781698365,0.8106992218301635
48,100,50,7,7,48,0.9,0.9,0.4999999999999999,0.4999999999999999,5,5,10,0.1893425708067776,0.8106574291932224
48,50,100,7,7,48,0.9,0.9,0.4999999999999999,0.4999999999999999,5,5,10,0.18966366015800037,0.8103363398419996
48,100,50,9,9,16,0.5,0.5,0.8999999999999999,0.8999999999999999,5,5,10,0.19005545407913527,0.8099445459208647
16,50,100,9,9,16,0.5,0.5,0.8999999999999999,0.8999999999999999,1,1,10,0.19008225811689833,0.8099177418831016
80,100,50,9,9,16,0.5,0.5,0.8999999999999999,0.8999999999999999,3,3,10,0.1901160752661054,0.8098839247338946
16,100,50,9,9,16,0.7,0.7,0.7,0.7,9,9,10,0.19021102054859224,0.8097889794514077
16,50,100,7,7,48,0.7,0.7,0.7,0.7,7,7,10,0.1903987874625642,0.8096012125374358
48,100,50,7,7,48,0.9,0.9,0.4999999999999999,0.4999999999999999,9,9,10,0.19063275960651951,0.8093672403934805
16,50,100,9,9,16,0.9,0.9,0.4999999999999999,0.4999999999999999,3,3,10,0.19072207495554258,0.8092779250444574
80,50,100,9,9,16,0.5,0.5,0.8999999999999999,0.8999999999999999,5,5,10,0.19155859134144354,0.8084414086585565
48,100,50,7,7,48,0.7,0.7,0.7,0.7,5,5,10,0.19158284542512843,0.8084171545748715
16,50,100,7,7,48,0.7,0.7,0.7,0.7,9,9,10,0.19160846835042442,0.8083915316495756
48,50,100,7,7,48,0.9,0.9,0.4999999999999999,0.4999999999999999,7,7,10,0.1916438682377659,0.8083561317622341
48,50,100,7,7,48,0.7,0.7,0.7,0.7,9,9,10,0.191964586399675,0.8080354136003249
80,100,50,9,9,16,0.5,0.5,0.8999999999999999,0.8999999999999999,9,9,10,0.1922413970735979,0.8077586029264021
48,50,100,7,7,48,0.7,0.7,0.7,0.7,5,5,10,0.19262505318549483,0.8073749468145052
48,50,100,7,7,48,0.9,0.9,0.4999999999999999,0.4999999999999999,1,1,10,0.19281384779040536,0.8071861522095947
48,50,100,7,7,48,0.7,0.7,0.7,0.7,7,7,10,0.19294821288301092,0.8070517871169891
16,100,50,7,7,48,0.7,0.7,0.7,0.7,1,1,10,0.1930321144878482,0.8069678855121518
48,50,100,7,7,48,0.9,0.9,0.4999999999999999,0.4999999999999999,3,3,10,0.19372736834472057,0.8062726316552794
16,50,100,7,7,48,0.7,0.7,0.7,0.7,3,3,10,0.19377249875054342,0.8062275012494566
48,100,50,7,7,48,0.7,0.7,0.7,0.7,7,7,10,0.19399728990873874,0.8060027100912612
16,50,100,7,7,48,0.7,0.7,0.7,0.7,5,5,10,0.19476656597023537,0.8052334340297647
48,100,50,9,9,16,0.5,0.5,0.8999999999999999,0.8999999999999999,9,9,10,0.19510764378221018,0.8048923562177899
16,100,50,7,7,48,0.7,0.7,0.7,0.7,7,7,10,0.1951474457088251,0.8048525542911749
48,50,100,7,7,48,0.9,0.9,0.4999999999999999,0.4999999999999999,9,9,10,0.19527033072529912,0.8047296692747009
48,100,50,7,7,48,0.7,0.7,0.7,0.7,9,9,10,0.19530142786968724,0.8046985721303128
16,50,100,7,7,48,0.7,0.7,0.7,0.7,1,1,10,0.19544210999923295,0.804557890000767
48,50,100,7,7,48,0.7,0.7,0.7,0.7,3,3,10,0.19587772556035452,0.8041222744396455
80,100,50,9,9,16,0.5,0.5,0.8999999999999999,0.8999999999999999,5,5,10,0.1959721931222035,0.8040278068777965
48,100,50,7,7,48,0.7,0.7,0.7,0.7,3,3,10,0.19602607036418013,0.8039739296358199
48,100,50,9,9,16,0.5,0.5,0.8999999999999999,0.8999999999999999,1,1,10,0.19617671616863208,0.8038232838313679
80,100,50,9,9,16,0.5,0.5,0.8999999999999999,0.8999999999999999,1,1,10,0.1962162855257309,0.8037837144742691
16,100,50,7,7,48,0.7,0.7,0.7,0.7,9,9,10,0.19648574862499196,0.803514251375008
48,50,100,9,9,16,0.5,0.5,0.8999999999999999,0.8999999999999999,1,1,10,0.19670784207652625,0.8032921579234737
48,100,50,7,7,48,0.7,0.7,0.7,0.7,1,1,10,0.19674743807293574,0.8032525619270643
80,50,100,7,7,48,0.9,0.9,0.4999999999999999,0.4999999999999999,5,5,10,0.19713453762889432,0.8028654623711057
16,100,50,7,7,48,0.7,0.7,0.7,0.7,5,5,10,0.1975176491116878,0.8024823508883122
48,100,50,7,7,48,0.9,0.9,0.4999999999999999,0.4999999999999999,1,1,10,0.19763123932890184,0.8023687606710982
16,50,100,7,7,48,0.5,0.5,0.8999999999999999,0.8999999999999999,1,1,10,0.19763245323715228,0.8023675467628477
80,100,50,7,7,48,0.9,0.9,0.4999999999999999,0.4999999999999999,7,7,10,0.19780974496896184,0.8021902550310381
80,50,100,7,7,48,0.9,0.9,0.4999999999999999,0.4999999999999999,7,7,10,0.19825529840925815,0.8017447015907418
16,100,50,9,9,16,0.5,0.5,0.8999999999999999,0.8999999999999999,1,1,10,0.1982931230277649,0.8017068769722351
80,50,100,7,7,48,0.7,0.7,0.7,0.7,5,5,10,0.19832018121850084,0.8016798187814992
16,100,50,7,7,48,0.7,0.7,0.7,0.7,3,3,10,0.1986637342151843,0.8013362657848158
80,100,50,7,7,48,0.9,0.9,0.4999999999999999,0.4999999999999999,9,9,10,0.19874970038402878,0.8012502996159712
80,100,50,7,7,48,0.9,0.9,0.4999999999999999,0.4999999999999999,5,5,10,0.19877532249918628,0.8012246775008137
16,50,100,7,7,48,0.5,0.5,0.8999999999999999,0.8999999999999999,3,3,10,0.19896141331353026,0.8010385866864698
80,50,100,7,7,48,0.9,0.9,0.4999999999999999,0.4999999999999999,9,9,10,0.19910115595975666,0.8008988440402434
80,50,100,7,7,48,0.9,0.9,0.4999999999999999,0.4999999999999999,1,1,10,0.19912703735253218,0.8008729626474678
80,50,100,9,9,16,0.5,0.5,0.8999999999999999,0.8999999999999999,1,1,10,0.1991506077968764,0.8008493922031236
80,50,100,7,7,48,0.9,0.9,0.4999999999999999,0.4999999999999999,3,3,10,0.1992973250757451,0.800702674924255
16,50,100,7,7,48,0.5,0.5,0.8999999999999999,0.8999999999999999,9,9,10,0.19935130482909175,0.8006486951709082
80,50,100,7,7,48,0.7,0.7,0.7,0.7,9,9,10,0.20002219253900744,0.7999778074609926
48,50,100,7,7,48,0.7,0.7,0.7,0.7,1,1,10,0.20010684749374458,0.7998931525062554
80,100,50,7,7,48,0.7,0.7,0.7,0.7,9,9,10,0.2004313151685599,0.7995686848314401
80,100,50,7,7,48,0.7,0.7,0.7,0.7,3,3,10,0.20056897337083174,0.7994310266291682
80,100,50,7,7,48,0.7,0.7,0.7,0.7,5,5,10,0.200692136699226,0.799307863300774
80,50,100,7,7,48,0.7,0.7,0.7,0.7,3,3,10,0.20086939948650334,0.7991306005134966
48,100,50,7,7,48,0.9,0.9,0.4999999999999999,0.4999999999999999,3,3,10,0.2013797745058521,0.7986202254941479
16,50,100,7,7,48,0.5,0.5,0.8999999999999999,0.8999999999999999,7,7,10,0.20139373706644878,0.7986062629335512
80,50,100,7,7,48,0.7,0.7,0.7,0.7,7,7,10,0.201502912285156,0.7984970877148441
48,50,100,7,7,48,0.5,0.5,0.8999999999999999,0.8999999999999999,7,7,10,0.20166578242739835,0.7983342175726016
48,50,100,7,7,48,0.5,0.5,0.8999999999999999,0.8999999999999999,3,3,10,0.20250852614604953,0.7974914738539505
80,50,100,7,7,48,0.7,0.7,0.7,0.7,1,1,10,0.20252904193900695,0.7974709580609931
80,100,50,7,7,48,0.7,0.7,0.7,0.7,1,1,10,0.20273608797727458,0.7972639120227254
48,50,100,7,7,48,0.5,0.5,0.8999999999999999,0.8999999999999999,1,1,10,0.20313072426794665,0.7968692757320534
80,100,50,7,7,48,0.7,0.7,0.7,0.7,7,7,10,0.20366719794377636,0.7963328020562237
16,50,100,7,7,48,0.5,0.5,0.8999999999999999,0.8999999999999999,5,5,10,0.20445811710643844,0.7955418828935615
80,100,50,7,7,48,0.9,0.9,0.4999999999999999,0.4999999999999999,3,3,10,0.20519207159108335,0.7948079284089167
80,100,50,7,7,48,0.9,0.9,0.4999999999999999,0.4999999999999999,1,1,10,0.20553903966783862,0.7944609603321614
80,50,100,7,7,48,0.5,0.5,0.8999999999999999,0.8999999999999999,1,1,10,0.20586131857175982,0.7941386814282402
48,50,100,7,7,48,0.5,0.5,0.8999999999999999,0.8999999999999999,5,5,10,0.20596992061528344,0.7940300793847166
48,50,100,7,7,48,0.5,0.5,0.8999999999999999,0.8999999999999999,9,9,10,0.20627654342947366,0.7937234565705263
16,100,50,7,7,48,0.5,0.5,0.8999999999999999,0.8999999999999999,5,5,10,0.20663992070096465,0.7933600792990354
16,100,50,7,7,48,0.5,0.5,0.8999999999999999,0.8999999999999999,3,3,10,0.20728545365500434,0.7927145463449956
80,50,100,7,7,48,0.5,0.5,0.8999999999999999,0.8999999999999999,7,7,10,0.20890680756840954,0.7910931924315905
80,50,100,7,7,48,0.5,0.5,0.8999999999999999,0.8999999999999999,3,3,10,0.20912066373796234,0.7908793362620377
16,100,50,7,7,48,0.5,0.5,0.8999999999999999,0.8999999999999999,9,9,10,0.2097552656607538,0.7902447343392462
48,100,50,7,7,48,0.5,0.5,0.8999999999999999,0.8999999999999999,5,5,10,0.21054154435324607,0.7894584556467539
16,100,50,7,7,48,0.5,0.5,0.8999999999999999,0.8999999999999999,1,1,10,0.21081434382930464,0.7891856561706954
16,100,50,7,7,48,0.5,0.5,0.8999999999999999,0.8999999999999999,7,7,10,0.21198543617701193,0.7880145638229881
48,100,50,7,7,48,0.5,0.5,0.8999999999999999,0.8999999999999999,3,3,10,0.21343022990271387,0.7865697700972861
80,50,100,7,7,48,0.5,0.5,0.8999999999999999,0.8999999999999999,5,5,10,0.21399674499126164,0.7860032550087384
48,100,50,7,7,48,0.5,0.5,0.8999999999999999,0.8999999999999999,7,7,10,0.214011449112622,0.7859885508873781
48,100,50,7,7,48,0.5,0.5,0.8999999999999999,0.8999999999999999,9,9,10,0.2141548237804938,0.7858451762195062
80,50,100,7,7,48,0.5,0.5,0.8999999999999999,0.8999999999999999,9,9,10,0.2146815614828663,0.7853184385171337
80,100,50,7,7,48,0.5,0.5,0.8999999999999999,0.8999999999999999,1,1,10,0.2149003015882413,0.7850996984117586
48,100,50,7,7,48,0.5,0.5,0.8999999999999999,0.8999999999999999,1,1,10,0.21523894916320657,0.7847610508367935
80,100,50,7,7,48,0.5,0.5,0.8999999999999999,0.8999999999999999,7,7,10,0.21834234907115857,0.7816576509288414
80,100,50,7,7,48,0.5,0.5,0.8999999999999999,0.8999999999999999,9,9,10,0.21835726626917198,0.781642733730828
80,100,50,7,7,48,0.5,0.5,0.8999999999999999,0.8999999999999999,3,3,10,0.2187261127862053,0.7812738872137948
80,100,50,7,7,48,0.5,0.5,0.8999999999999999,0.8999999999999999,5,5,10,0.21985293448272428,0.7801470655172758
48,100,50,5,5,80,0.9,0.9,0.4999999999999999,0.4999999999999999,7,7,10,0.22258705074233326,0.7774129492576667
48,100,50,5,5,80,0.9,0.9,0.4999999999999999,0.4999999999999999,9,9,10,0.22493639902142326,0.7750636009785767
16,50,100,5,5,80,0.9,0.9,0.4999999999999999,0.4999999999999999,9,9,10,0.22764842805950314,0.7723515719404969
16,100,50,5,5,80,0.9,0.9,0.4999999999999999,0.4999999999999999,7,7,10,0.2287117755285945,0.7712882244714054
16,100,50,5,5,80,0.9,0.9,0.4999999999999999,0.4999999999999999,9,9,10,0.2289303277292944,0.7710696722707056
48,100,50,5,5,80,0.9,0.9,0.4999999999999999,0.4999999999999999,5,5,10,0.2300027649702171,0.7699972350297829
16,100,50,5,5,80,0.9,0.9,0.4999999999999999,0.4999999999999999,3,3,10,0.23030181756131593,0.769698182438684
16,50,100,5,5,80,0.7,0.7,0.7,0.7,7,7,10,0.23086974530376486,0.7691302546962351
48,50,100,5,5,80,0.9,0.9,0.4999999999999999,0.4999999999999999,9,9,10,0.23124749320338114,0.7687525067966189
48,50,100,5,5,80,0.9,0.9,0.4999999999999999,0.4999999999999999,7,7,10,0.2320767603636682,0.7679232396363318
16,50,100,5,5,80,0.9,0.9,0.4999999999999999,0.4999999999999999,7,7,10,0.23281889286495364,0.7671811071350464
16,50,100,5,5,80,0.9,0.9,0.4999999999999999,0.4999999999999999,3,3,10,0.2333090903397088,0.7666909096602912
16,100,50,5,5,80,0.9,0.9,0.4999999999999999,0.4999999999999999,5,5,10,0.23339729460541658,0.7666027053945834
16,50,100,5,5,80,0.7,0.7,0.7,0.7,5,5,10,0.2334127602940463,0.7665872397059537
16,100,50,5,5,80,0.7,0.7,0.7,0.7,5,5,10,0.23370874340496767,0.7662912565950324
48,100,50,5,5,80,0.9,0.9,0.4999999999999999,0.4999999999999999,1,1,10,0.2337257152764005,0.7662742847235995
16,100,50,5,5,80,0.7,0.7,0.7,0.7,1,1,10,0.23372717935973658,0.7662728206402634
48,50,100,5,5,80,0.9,0.9,0.4999999999999999,0.4999999999999999,5,5,10,0.2346201916329309,0.7653798083670691
16,50,100,5,5,80,0.9,0.9,0.4999999999999999,0.4999999999999999,5,5,10,0.23515595625770683,0.7648440437422932
16,50,100,5,5,80,0.7,0.7,0.7,0.7,1,1,10,0.2351583183775521,0.7648416816224479
48,50,100,5,5,80,0.9,0.9,0.4999999999999999,0.4999999999999999,1,1,10,0.23523028255693001,0.76476971744307
48,100,50,5,5,80,0.9,0.9,0.4999999999999999,0.4999999999999999,3,3,10,0.23524797349330417,0.7647520265066958
16,50,100,5,5,80,0.5,0.5,0.8999999999999999,0.8999999999999999,7,7,10,0.23552338729192296,0.7644766127080771
16,100,50,5,5,80,0.9,0.9,0.4999999999999999,0.4999999999999999,1,1,10,0.2355562234685175,0.7644437765314824
80,100,50,5,5,80,0.9,0.9,0.4999999999999999,0.4999999999999999,9,9,10,0.2360454343053394,0.7639545656946606
16,100,50,5,5,80,0.7,0.7,0.7,0.7,3,3,10,0.23610822997195374,0.7638917700280463
16,50,100,5,5,80,0.7,0.7,0.7,0.7,3,3,10,0.236532806057344,0.763467193942656
48,100,50,5,5,80,0.7,0.7,0.7,0.7,9,9,10,0.23657535943032118,0.7634246405696788
48,50,100,5,5,80,0.9,0.9,0.4999999999999999,0.4999999999999999,3,3,10,0.23657943281617363,0.7634205671838263
48,50,100,5,5,80,0.5,0.5,0.8999999999999999,0.8999999999999999,5,5,10,0.23658004147043593,0.763419958529564
16,50,100,5,5,80,0.9,0.9,0.4999999999999999,0.4999999999999999,1,1,10,0.23673174597006805,0.7632682540299319
16,50,100,5,5,80,0.5,0.5,0.8999999999999999,0.8999999999999999,5,5,10,0.23674185447387489,0.7632581455261251
48,50,100,5,5,80,0.5,0.5,0.8999999999999999,0.8999999999999999,7,7,10,0.23674526011758387,0.7632547398824161
16,50,100,5,5,80,0.5,0.5,0.8999999999999999,0.8999999999999999,9,9,10,0.2367964211702277,0.7632035788297723
16,50,100,5,5,80,0.7,0.7,0.7,0.7,9,9,10,0.23689790008245423,0.7631020999175457
16,100,50,5,5,80,0.7,0.7,0.7,0.7,7,7,10,0.23711045998871516,0.7628895400112848
48,50,100,5,5,80,0.7,0.7,0.7,0.7,9,9,10,0.23743329542854735,0.7625667045714526
48,50,100,5,5,80,0.7,0.7,0.7,0.7,3,3,10,0.2382658324361799,0.7617341675638201
48,50,100,5,5,80,0.7,0.7,0.7,0.7,1,1,10,0.23827625155732368,0.7617237484426763
48,50,100,5,5,80,0.7,0.7,0.7,0.7,7,7,10,0.23852239477675957,0.7614776052232404
48,50,100,5,5,80,0.7,0.7,0.7,0.7,5,5,10,0.23872338238303212,0.7612766176169679
80,100,50,5,5,80,0.9,0.9,0.4999999999999999,0.4999999999999999,7,7,10,0.23879495183580965,0.7612050481641903
80,100,50,5,5,80,0.7,0.7,0.7,0.7,1,1,10,0.23883583289104593,0.7611641671089541
48,100,50,5,5,80,0.7,0.7,0.7,0.7,7,7,10,0.2388677467651782,0.7611322532348218
80,100,50,5,5,80,0.7,0.7,0.7,0.7,7,7,10,0.23890506803055958,0.7610949319694404
80,100,50,5,5,80,0.7,0.7,0.7,0.7,3,3,10,0.23892917475960973,0.7610708252403903
80,100,50,5,5,80,0.7,0.7,0.7,0.7,5,5,10,0.23904224984874697,0.760957750151253
80,50,100,5,5,80,0.7,0.7,0.7,0.7,5,5,10,0.2393234205190015,0.7606765794809985
80,50,100,5,5,80,0.9,0.9,0.4999999999999999,0.4999999999999999,9,9,10,0.23947768496639643,0.7605223150336036
80,100,50,5,5,80,0.9,0.9,0.4999999999999999,0.4999999999999999,5,5,10,0.23953280716959316,0.7604671928304069
48,100,50,5,5,80,0.7,0.7,0.7,0.7,5,5,10,0.23961375516356984,0.7603862448364301
48,50,100,5,5,80,0.5,0.5,0.8999999999999999,0.8999999999999999,9,9,10,0.23983265664015002,0.7601673433598499
80,50,100,5,5,80,0.7,0.7,0.7,0.7,3,3,10,0.2398544204334454,0.7601455795665546
16,50,100,5,5,80,0.5,0.5,0.8999999999999999,0.8999999999999999,3,3,10,0.24006795521016594,0.7599320447898341
80,100,50,5,5,80,0.7,0.7,0.7,0.7,9,9,10,0.24064143749909325,0.7593585625009067
80,100,50,5,5,80,0.9,0.9,0.4999999999999999,0.4999999999999999,1,1,10,0.24067010904106056,0.7593298909589394
80,50,100,5,5,80,0.5,0.5,0.8999999999999999,0.8999999999999999,1,1,10,0.24073460544336248,0.7592653945566376
80,100,50,5,5,80,0.9,0.9,0.4999999999999999,0.4999999999999999,3,3,10,0.24074846636809646,0.7592515336319036
80,50,100,5,5,80,0.7,0.7,0.7,0.7,1,1,10,0.24077720133728348,0.7592227986627165
80,50,100,5,5,80,0.7,0.7,0.7,0.7,7,7,10,0.2408272358897965,0.7591727641102035
16,100,50,5,5,80,0.5,0.5,0.8999999999999999,0.8999999999999999,7,7,10,0.24096736444257022,0.7590326355574297
48,50,100,5,5,80,0.5,0.5,0.8999999999999999,0.8999999999999999,3,3,10,0.24118388842385916,0.7588161115761408
48,100,50,5,5,80,0.7,0.7,0.7,0.7,3,3,10,0.24125912413910058,0.7587408758608994
48,50,100,5,5,80,0.5,0.5,0.8999999999999999,0.8999999999999999,1,1,10,0.24132110785414398,0.758678892145856
16,50,100,5,5,80,0.5,0.5,0.8999999999999999,0.8999999999999999,1,1,10,0.2413238934446534,0.7586761065553466
80,50,100,5,5,80,0.5,0.5,0.8999999999999999,0.8999999999999999,7,7,10,0.2416098166654574,0.7583901833345426
80,50,100,5,5,80,0.7,0.7,0.7,0.7,9,9,10,0.24171461145205558,0.7582853885479444
80,50,100,5,5,80,0.5,0.5,0.8999999999999999,0.8999999999999999,5,5,10,0.2419577477902063,0.7580422522097937
16,100,50,5,5,80,0.5,0.5,0.8999999999999999,0.8999999999999999,5,5,10,0.24223961215912246,0.7577603878408775
80,50,100,5,5,80,0.9,0.9,0.4999999999999999,0.4999999999999999,7,7,10,0.2423076848817941,0.7576923151182059
80,50,100,5,5,80,0.5,0.5,0.8999999999999999,0.8999999999999999,3,3,10,0.24251997364459035,0.7574800263554097
16,100,50,5,5,80,0.7,0.7,0.7,0.7,9,9,10,0.24252010005886324,0.7574798999411367
80,50,100,5,5,80,0.9,0.9,0.4999999999999999,0.4999999999999999,1,1,10,0.24299538129433737,0.7570046187056626
48,100,50,5,5,80,0.7,0.7,0.7,0.7,1,1,10,0.2433941352183909,0.7566058647816091
80,50,100,5,5,80,0.9,0.9,0.4999999999999999,0.4999999999999999,5,5,10,0.24362099943021076,0.7563790005697892
80,50,100,5,5,80,0.5,0.5,0.8999999999999999,0.8999999999999999,9,9,10,0.24362532958058622,0.7563746704194138
80,50,100,5,5,80,0.9,0.9,0.4999999999999999,0.4999999999999999,3,3,10,0.2436544817592133,0.7563455182407867
16,100,50,5,5,80,0.5,0.5,0.8999999999999999,0.8999999999999999,9,9,10,0.24378573763056038,0.7562142623694397
48,100,50,5,5,80,0.5,0.5,0.8999999999999999,0.8999999999999999,5,5,10,0.2442501292794269,0.7557498707205731
16,100,50,5,5,80,0.5,0.5,0.8999999999999999,0.8999999999999999,1,1,10,0.24426669776068427,0.7557333022393158
16,100,50,5,5,80,0.5,0.5,0.8999999999999999,0.8999999999999999,3,3,10,0.24503237765363822,0.7549676223463617
80,100,50,5,5,80,0.5,0.5,0.8999999999999999,0.8999999999999999,7,7,10,0.2463120301502764,0.7536879698497236
48,100,50,5,5,80,0.5,0.5,0.8999999999999999,0.8999999999999999,7,7,10,0.24658315340820164,0.7534168465917983
80,100,50,5,5,80,0.5,0.5,0.8999999999999999,0.8999999999999999,1,1,10,0.24691563033689637,0.7530843696631037
80,100,50,5,5,80,0.5,0.5,0.8999999999999999,0.8999999999999999,5,5,10,0.24717637041122362,0.7528236295887764
48,100,50,5,5,80,0.5,0.5,0.8999999999999999,0.8999999999999999,1,1,10,0.2472322122920095,0.7527677877079905
80,100,50,5,5,80,0.5,0.5,0.8999999999999999,0.8999999999999999,9,9,10,0.24742936837309495,0.7525706316269051
48,100,50,5,5,80,0.5,0.5,0.8999999999999999,0.8999999999999999,9,9,10,0.24748910099610702,0.752510899003893
48,100,50,5,5,80,0.5,0.5,0.8999999999999999,0.8999999999999999,3,3,10,0.2482471836473812,0.7517528163526188
80,100,50,5,5,80,0.5,0.5,0.8999999999999999,0.8999999999999999,3,3,10,0.24872306790525553,0.7512769320947444
16,100,50,9,9,16,0.9,0.9,0.4999999999999999,0.4999999999999999,5,5,5,0.34717726213963657,0.6528227378603635
48,100,50,9,9,16,0.9,0.9,0.4999999999999999,0.4999999999999999,5,5,5,0.3477705590723745,0.6522294409276255
16,100,50,9,9,16,0.7,0.7,0.7,0.7,7,7,5,0.3493120523749119,0.6506879476250881
16,100,50,9,9,16,0.9,0.9,0.4999999999999999,0.4999999999999999,3,3,5,0.3495896466901564,0.6504103533098435
16,100,50,9,9,16,0.9,0.9,0.4999999999999999,0.4999999999999999,9,9,5,0.3499324167646233,0.6500675832353767
48,100,50,9,9,16,0.9,0.9,0.4999999999999999,0.4999999999999999,3,3,5,0.35011160257466434,0.6498883974253357
16,50,100,9,9,16,0.5,0.5,0.8999999999999999,0.8999999999999999,7,7,5,0.35035537735212785,0.6496446226478721
48,50,100,9,9,16,0.5,0.5,0.8999999999999999,0.8999999999999999,7,7,5,0.3504763065303903,0.6495236934696097
16,50,100,9,9,16,0.9,0.9,0.4999999999999999,0.4999999999999999,5,5,5,0.3509836511287555,0.6490163488712445
48,100,50,9,9,16,0.9,0.9,0.4999999999999999,0.4999999999999999,7,7,5,0.35112933578578454,0.6488706642142155
16,100,50,9,9,16,0.7,0.7,0.7,0.7,5,5,5,0.35126309296696867,0.6487369070330313
48,100,50,9,9,16,0.7,0.7,0.7,0.7,7,7,5,0.35164561713600306,0.6483543828639969
16,100,50,9,9,16,0.9,0.9,0.4999999999999999,0.4999999999999999,7,7,5,0.35188791812532333,0.6481120818746766
80,50,100,9,9,16,0.5,0.5,0.8999999999999999,0.8999999999999999,7,7,5,0.35200563034642635,0.6479943696535737
80,100,50,9,9,16,0.9,0.9,0.4999999999999999,0.4999999999999999,5,5,5,0.3520246238807173,0.6479753761192827
80,100,50,9,9,16,0.7,0.7,0.7,0.7,7,7,5,0.3526823276139773,0.6473176723860228
48,100,50,9,9,16,0.7,0.7,0.7,0.7,5,5,5,0.3526927724831641,0.6473072275168359
48,100,50,9,9,16,0.9,0.9,0.4999999999999999,0.4999999999999999,9,9,5,0.3528728274150327,0.6471271725849673
80,100,50,9,9,16,0.9,0.9,0.4999999999999999,0.4999999999999999,3,3,5,0.35316962034380983,0.6468303796561902
48,50,100,9,9,16,0.7,0.7,0.7,0.7,3,3,5,0.3532379587806865,0.6467620412193136
48,100,50,9,9,16,0.7,0.7,0.7,0.7,9,9,5,0.3532729922807163,0.6467270077192837
16,50,100,9,9,16,0.9,0.9,0.4999999999999999,0.4999999999999999,9,9,5,0.35358019484420516,0.6464198051557948
48,50,100,9,9,16,0.7,0.7,0.7,0.7,9,9,5,0.3536199321724395,0.6463800678275605
16,50,100,9,9,16,0.7,0.7,0.7,0.7,5,5,5,0.35382705195495645,0.6461729480450435
16,50,100,9,9,16,0.7,0.7,0.7,0.7,7,7,5,0.3539192041094068,0.6460807958905932
16,50,100,9,9,16,0.7,0.7,0.7,0.7,3,3,5,0.3539547365508538,0.6460452634491463
48,50,100,9,9,16,0.7,0.7,0.7,0.7,7,7,5,0.35395888381866636,0.6460411161813336
48,50,100,9,9,16,0.7,0.7,0.7,0.7,5,5,5,0.35401171523578556,0.6459882847642144
48,50,100,9,9,16,0.9,0.9,0.4999999999999999,0.4999999999999999,5,5,5,0.35420238473916166,0.6457976152608383
16,50,100,9,9,16,0.9,0.9,0.4999999999999999,0.4999999999999999,3,3,5,0.35435310543054804,0.645646894569452
80,100,50,9,9,16,0.7,0.7,0.7,0.7,5,5,5,0.3543657608373396,0.6456342391626604
80,50,100,9,9,16,0.7,0.7,0.7,0.7,7,7,5,0.3544462256558264,0.6455537743441736
80,100,50,9,9,16,0.9,0.9,0.4999999999999999,0.4999999999999999,9,9,5,0.35445863829366725,0.6455413617063328
48,50,100,9,9,16,0.9,0.9,0.4999999999999999,0.4999999999999999,3,3,5,0.3548313295363681,0.6451686704636319
48,100,50,9,9,16,0.5,0.5,0.8999999999999999,0.8999999999999999,3,3,5,0.35486733577402885,0.6451326642259712
48,100,50,9,9,16,0.5,0.5,0.8999999999999999,0.8999999999999999,7,7,5,0.3550323523885439,0.6449676476114561
16,50,100,9,9,16,0.5,0.5,0.8999999999999999,0.8999999999999999,9,9,5,0.3552215100373367,0.6447784899626633
48,50,100,9,9,16,0.9,0.9,0.4999999999999999,0.4999999999999999,7,7,5,0.3553048414406296,0.6446951585593703
80,50,100,9,9,16,0.7,0.7,0.7,0.7,5,5,5,0.3556960970419238,0.6443039029580762
16,100,50,9,9,16,0.7,0.7,0.7,0.7,3,3,5,0.3558022395746855,0.6441977604253145
80,100,50,9,9,16,0.9,0.9,0.4999999999999999,0.4999999999999999,7,7,5,0.3559465681634893,0.6440534318365108
80,50,100,9,9,16,0.7,0.7,0.7,0.7,9,9,5,0.35597565730566066,0.6440243426943393
16,50,100,9,9,16,0.9,0.9,0.4999999999999999,0.4999999999999999,1,1,5,0.35600934111472604,0.643990658885274
48,100,50,9,9,16,0.7,0.7,0.7,0.7,3,3,5,0.3560215258802535,0.6439784741197465
16,100,50,9,9,16,0.9,0.9,0.4999999999999999,0.4999999999999999,1,1,5,0.3561911464179698,0.6438088535820302
16,50,100,9,9,16,0.9,0.9,0.4999999999999999,0.4999999999999999,7,7,5,0.35619372003298067,0.6438062799670193
80,100,50,9,9,16,0.7,0.7,0.7,0.7,9,9,5,0.3562465302388185,0.6437534697611815
16,50,100,9,9,16,0.7,0.7,0.7,0.7,9,9,5,0.3565411520913151,0.6434588479086849
16,100,50,9,9,16,0.7,0.7,0.7,0.7,9,9,5,0.35655176855070675,0.6434482314492933
16,100,50,9,9,16,0.5,0.5,0.8999999999999999,0.8999999999999999,5,5,5,0.3565914649488883,0.6434085350511116
48,100,50,9,9,16,0.9,0.9,0.4999999999999999,0.4999999999999999,1,1,5,0.35662439241425864,0.6433756075857413
80,100,50,9,9,16,0.5,0.5,0.8999999999999999,0.8999999999999999,7,7,5,0.35664513335261394,0.6433548666473861
16,100,50,9,9,16,0.5,0.5,0.8999999999999999,0.8999999999999999,7,7,5,0.35673728772935404,0.643262712270646
16,50,100,9,9,16,0.7,0.7,0.7,0.7,1,1,5,0.356849028435895,0.6431509715641051
80,50,100,9,9,16,0.9,0.9,0.4999999999999999,0.4999999999999999,3,3,5,0.3569483660972942,0.6430516339027058
48,50,100,9,9,16,0.7,0.7,0.7,0.7,1,1,5,0.3570462877834188,0.6429537122165812
16,50,100,7,7,48,0.7,0.7,0.7,0.7,9,9,5,0.3571547960910325,0.6428452039089675
48,50,100,9,9,16,0.5,0.5,0.8999999999999999,0.8999999999999999,3,3,5,0.35720663896129234,0.6427933610387077
80,100,50,9,9,16,0.5,0.5,0.8999999999999999,0.8999999999999999,3,3,5,0.3572318490469281,0.6427681509530718
80,50,100,9,9,16,0.7,0.7,0.7,0.7,3,3,5,0.35743911681482404,0.6425608831851759
48,50,100,9,9,16,0.9,0.9,0.4999999999999999,0.4999999999999999,9,9,5,0.3575641654867048,0.6424358345132952
48,100,50,7,7,48,0.9,0.9,0.4999999999999999,0.4999999999999999,5,5,5,0.3576590653312768,0.6423409346687232
16,100,50,7,7,48,0.9,0.9,0.4999999999999999,0.4999999999999999,5,5,5,0.35768636488505917,0.6423136351149408
48,100,50,9,9,16,0.5,0.5,0.8999999999999999,0.8999999999999999,1,1,5,0.358041363756657,0.6419586362433429
16,100,50,9,9,16,0.5,0.5,0.8999999999999999,0.8999999999999999,9,9,5,0.358073578313801,0.6419264216861991
16,100,50,7,7,48,0.9,0.9,0.4999999999999999,0.4999999999999999,7,7,5,0.35821081148709133,0.6417891885129087
80,50,100,9,9,16,0.5,0.5,0.8999999999999999,0.8999999999999999,3,3,5,0.35844733438601156,0.6415526656139885
80,50,100,9,9,16,0.9,0.9,0.4999999999999999,0.4999999999999999,5,5,5,0.3585414329453513,0.6414585670546487
80,100,50,9,9,16,0.9,0.9,0.4999999999999999,0.4999999999999999,1,1,5,0.35864557967909394,0.6413544203209061
80,100,50,9,9,16,0.7,0.7,0.7,0.7,3,3,5,0.35876461692970785,0.6412353830702922
80,50,100,9,9,16,0.9,0.9,0.4999999999999999,0.4999999999999999,9,9,5,0.3588153573896271,0.6411846426103729
48,100,50,9,9,16,0.7,0.7,0.7,0.7,1,1,5,0.358847426535954,0.641152573464046
48,100,50,9,9,16,0.5,0.5,0.8999999999999999,0.8999999999999999,5,5,5,0.3588546307258677,0.6411453692741322
48,100,50,7,7,48,0.9,0.9,0.4999999999999999,0.4999999999999999,7,7,5,0.35890001377265535,0.6410999862273447
16,50,100,7,7,48,0.9,0.9,0.4999999999999999,0.4999999999999999,5,5,5,0.35894682169110337,0.6410531783088966
16,100,50,9,9,16,0.7,0.7,0.7,0.7,1,1,5,0.3590329278328295,0.6409670721671705
48,50,100,9,9,16,0.9,0.9,0.4999999999999999,0.4999999999999999,1,1,5,0.3590365248266368,0.6409634751733633
48,50,100,7,7,48,0.7,0.7,0.7,0.7,9,9,5,0.35916709079326076,0.6408329092067393
16,100,50,7,7,48,0.9,0.9,0.4999999999999999,0.4999999999999999,9,9,5,0.3591678685322355,0.6408321314677645
16,50,100,9,9,16,0.5,0.5,0.8999999999999999,0.8999999999999999,5,5,5,0.3592232766303894,0.6407767233696107
16,100,50,9,9,16,0.5,0.5,0.8999999999999999,0.8999999999999999,3,3,5,0.3592809356099595,0.6407190643900404
16,50,100,7,7,48,0.9,0.9,0.4999999999999999,0.4999999999999999,3,3,5,0.35965660725788046,0.6403433927421196
48,100,50,7,7,48,0.7,0.7,0.7,0.7,9,9,5,0.35966778534885696,0.640332214651143
16,50,100,7,7,48,0.7,0.7,0.7,0.7,1,1,5,0.35979719088021767,0.6402028091197823
48,100,50,7,7,48,0.9,0.9,0.4999999999999999,0.4999999999999999,9,9,5,0.3598001374412018,0.6401998625587981
16,50,100,7,7,48,0.7,0.7,0.7,0.7,3,3,5,0.35990346680703883,0.6400965331929611
16,50,100,7,7,48,0.9,0.9,0.4999999999999999,0.4999999999999999,1,1,5,0.35992031172170996,0.64007968827829
48,50,100,7,7,48,0.7,0.7,0.7,0.7,7,7,5,0.3599996548109565,0.6400003451890435
16,100,50,7,7,48,0.7,0.7,0.7,0.7,9,9,5,0.360085959227102,0.639914040772898
80,50,100,9,9,16,0.9,0.9,0.4999999999999999,0.4999999999999999,7,7,5,0.3600889134705259,0.6399110865294741
16,100,50,7,7,48,0.7,0.7,0.7,0.7,7,7,5,0.36023826709926693,0.639761732900733
16,100,50,7,7,48,0.9,0.9,0.4999999999999999,0.4999999999999999,3,3,5,0.3602653085656647,0.6397346914343354
48,100,50,7,7,48,0.7,0.7,0.7,0.7,5,5,5,0.3604605954898801,0.6395394045101199
48,50,100,7,7,48,0.9,0.9,0.4999999999999999,0.4999999999999999,5,5,5,0.36059644400205343,0.6394035559979465
16,50,100,9,9,16,0.5,0.5,0.8999999999999999,0.8999999999999999,3,3,5,0.3606094415615785,0.6393905584384215
80,50,100,9,9,16,0.7,0.7,0.7,0.7,1,1,5,0.36062085364527874,0.6393791463547213
16,100,50,9,9,16,0.5,0.5,0.8999999999999999,0.8999999999999999,1,1,5,0.36063935670258296,0.639360643297417
48,50,100,9,9,16,0.5,0.5,0.8999999999999999,0.8999999999999999,9,9,5,0.36075572255265637,0.6392442774473437
16,50,100,9,9,16,0.5,0.5,0.8999999999999999,0.8999999999999999,1,1,5,0.360767784683874,0.6392322153161261
48,100,50,7,7,48,0.7,0.7,0.7,0.7,7,7,5,0.36084975866635677,0.6391502413336432
80,100,50,9,9,16,0.5,0.5,0.8999999999999999,0.8999999999999999,1,1,5,0.36090434898132745,0.6390956510186725
80,100,50,9,9,16,0.5,0.5,0.8999999999999999,0.8999999999999999,9,9,5,0.3610038153085779,0.638996184691422
80,50,100,9,9,16,0.9,0.9,0.4999999999999999,0.4999999999999999,1,1,5,0.3611171125762225,0.6388828874237775
48,50,100,9,9,16,0.5,0.5,0.8999999999999999,0.8999999999999999,1,1,5,0.3611522742816721,0.6388477257183278
48,50,100,9,9,16,0.5,0.5,0.8999999999999999,0.8999999999999999,5,5,5,0.3611785272012497,0.6388214727987502
48,50,100,7,7,48,0.7,0.7,0.7,0.7,5,5,5,0.3612587658890744,0.6387412341109255
16,100,50,7,7,48,0.7,0.7,0.7,0.7,1,1,5,0.36134638650900774,0.6386536134909923
48,100,50,7,7,48,0.7,0.7,0.7,0.7,3,3,5,0.36138939392562053,0.6386106060743795
48,100,50,7,7,48,0.9,0.9,0.4999999999999999,0.4999999999999999,1,1,5,0.36148863063561204,0.638511369364388
16,50,100,7,7,48,0.5,0.5,0.8999999999999999,0.8999999999999999,9,9,5,0.3614945959133362,0.6385054040866638
48,50,100,7,7,48,0.7,0.7,0.7,0.7,3,3,5,0.36150179381868186,0.6384982061813181
80,50,100,9,9,16,0.5,0.5,0.8999999999999999,0.8999999999999999,9,9,5,0.36154894379206065,0.6384510562079393
80,50,100,9,9,16,0.5,0.5,0.8999999999999999,0.8999999999999999,5,5,5,0.36171263808904464,0.6382873619109554
80,100,50,9,9,16,0.5,0.5,0.8999999999999999,0.8999999999999999,5,5,5,0.3617476087974639,0.6382523912025361
16,100,50,7,7,48,0.9,0.9,0.4999999999999999,0.4999999999999999,1,1,5,0.3618009538048376,0.6381990461951623
80,100,50,7,7,48,0.7,0.7,0.7,0.7,9,9,5,0.3618133585057813,0.6381866414942188
80,100,50,7,7,48,0.9,0.9,0.4999999999999999,0.4999999999999999,9,9,5,0.3619413667296466,0.6380586332703534
48,100,50,9,9,16,0.5,0.5,0.8999999999999999,0.8999999999999999,9,9,5,0.3620420298729471,0.6379579701270529
80,50,100,7,7,48,0.7,0.7,0.7,0.7,9,9,5,0.3621399762491711,0.637860023750829
80,100,50,7,7,48,0.9,0.9,0.4999999999999999,0.4999999999999999,5,5,5,0.36219486506999027,0.6378051349300098
48,50,100,7,7,48,0.7,0.7,0.7,0.7,1,1,5,0.36234936207988705,0.637650637920113
16,50,100,7,7,48,0.5,0.5,0.8999999999999999,0.8999999999999999,1,1,5,0.3623591010531727,0.6376408989468273
16,50,100,7,7,48,0.9,0.9,0.4999999999999999,0.4999999999999999,9,9,5,0.3623663678189379,0.6376336321810621
80,50,100,9,9,16,0.5,0.5,0.8999999999999999,0.8999999999999999,1,1,5,0.3624075855131329,0.6375924144868671
16,50,100,7,7,48,0.9,0.9,0.4999999999999999,0.4999999999999999,7,7,5,0.3625704952270345,0.6374295047729654
48,100,50,7,7,48,0.7,0.7,0.7,0.7,1,1,5,0.36263386801679265,0.6373661319832074
48,50,100,7,7,48,0.9,0.9,0.4999999999999999,0.4999999999999999,7,7,5,0.3627211698304608,0.6372788301695391
16,50,100,7,7,48,0.5,0.5,0.8999999999999999,0.8999999999999999,5,5,5,0.36304069590433174,0.6369593040956683
16,100,50,7,7,48,0.7,0.7,0.7,0.7,5,5,5,0.3631196653151999,0.6368803346848001
80,100,50,9,9,16,0.7,0.7,0.7,0.7,1,1,5,0.36324661187162444,0.6367533881283756
80,50,100,7,7,48,0.7,0.7,0.7,0.7,7,7,5,0.3632953165701311,0.6367046834298689
48,50,100,7,7,48,0.9,0.9,0.4999999999999999,0.4999999999999999,3,3,5,0.36335962616042133,0.6366403738395787
48,50,100,7,7,48,0.9,0.9,0.4999999999999999,0.4999999999999999,1,1,5,0.36335965963799755,0.6366403403620025
16,100,50,7,7,48,0.7,0.7,0.7,0.7,3,3,5,0.3634284249111364,0.6365715750888636
80,100,50,7,7,48,0.9,0.9,0.4999999999999999,0.4999999999999999,7,7,5,0.36343231316516633,0.6365676868348337
80,100,50,7,7,48,0.7,0.7,0.7,0.7,7,7,5,0.3635932541750919,0.6364067458249081
16,50,100,7,7,48,0.7,0.7,0.7,0.7,7,7,5,0.3636967963673092,0.6363032036326908
16,100,50,7,7,48,0.5,0.5,0.8999999999999999,0.8999999999999999,5,5,5,0.3637245590281218,0.6362754409718783
16,100,50,7,7,48,0.5,0.5,0.8999999999999999,0.8999999999999999,3,3,5,0.3638137970509636,0.6361862029490364
80,50,100,7,7,48,0.7,0.7,0.7,0.7,5,5,5,0.3640015678970946,0.6359984321029054
16,100,50,7,7,48,0.5,0.5,0.8999999999999999,0.8999999999999999,9,9,5,0.3643846328709334,0.6356153671290665
48,100,50,7,7,48,0.9,0.9,0.4999999999999999,0.4999999999999999,3,3,5,0.36443832267308934,0.6355616773269106
48,50,100,7,7,48,0.9,0.9,0.4999999999999999,0.4999999999999999,9,9,5,0.36446927074005786,0.6355307292599421
48,50,100,7,7,48,0.5,0.5,0.8999999999999999,0.8999999999999999,1,1,5,0.3645080733446342,0.6354919266553658
80,100,50,7,7,48,0.7,0.7,0.7,0.7,5,5,5,0.36458718744875895,0.635412812551241
80,50,100,7,7,48,0.5,0.5,0.8999999999999999,0.8999999999999999,1,1,5,0.3651592881471876,0.6348407118528123
48,50,100,7,7,48,0.5,0.5,0.8999999999999999,0.8999999999999999,9,9,5,0.3651708160649352,0.6348291839350648
16,50,100,7,7,48,0.5,0.5,0.8999999999999999,0.8999999999999999,3,3,5,0.3652797460469948,0.6347202539530052
80,50,100,7,7,48,0.9,0.9,0.4999999999999999,0.4999999999999999,5,5,5,0.3653749056322087,0.6346250943677914
80,100,50,7,7,48,0.7,0.7,0.7,0.7,3,3,5,0.3654389429022849,0.6345610570977152
80,50,100,7,7,48,0.5,0.5,0.8999999999999999,0.8999999999999999,3,3,5,0.3654444828259749,0.6345555171740251
80,50,100,7,7,48,0.7,0.7,0.7,0.7,3,3,5,0.3654723167202641,0.634527683279736
80,50,100,7,7,48,0.7,0.7,0.7,0.7,1,1,5,0.36551349366483443,0.6344865063351656
48,50,100,7,7,48,0.5,0.5,0.8999999999999999,0.8999999999999999,7,7,5,0.36565202342156067,0.6343479765784393
16,50,100,7,7,48,0.5,0.5,0.8999999999999999,0.8999999999999999,7,7,5,0.36589818055755496,0.634101819442445
80,50,100,7,7,48,0.5,0.5,0.8999999999999999,0.8999999999999999,7,7,5,0.36603657154274416,0.6339634284572558
16,100,50,7,7,48,0.5,0.5,0.8999999999999999,0.8999999999999999,7,7,5,0.36626137699571043,0.6337386230042896
80,100,50,7,7,48,0.7,0.7,0.7,0.7,1,1,5,0.36628070668321266,0.6337192933167873
80,50,100,7,7,48,0.9,0.9,0.4999999999999999,0.4999999999999999,9,9,5,0.3665366942690481,0.6334633057309519
80,50,100,7,7,48,0.9,0.9,0.4999999999999999,0.4999999999999999,3,3,5,0.3666323323773904,0.6333676676226097
80,100,50,7,7,48,0.9,0.9,0.4999999999999999,0.4999999999999999,3,3,5,0.36664154554426226,0.6333584544557378
16,100,50,7,7,48,0.5,0.5,0.8999999999999999,0.8999999999999999,1,1,5,0.3669290948819897,0.6330709051180103
80,50,100,7,7,48,0.5,0.5,0.8999999999999999,0.8999999999999999,5,5,5,0.3669742822676498,0.6330257177323502
80,100,50,7,7,48,0.5,0.5,0.8999999999999999,0.8999999999999999,1,1,5,0.3670342764613044,0.6329657235386956
80,50,100,7,7,48,0.5,0.5,0.8999999999999999,0.8999999999999999,9,9,5,0.36723511663809205,0.632764883361908
80,50,100,7,7,48,0.9,0.9,0.4999999999999999,0.4999999999999999,7,7,5,0.36726494846632607,0.6327350515336739
80,50,100,7,7,48,0.9,0.9,0.4999999999999999,0.4999999999999999,1,1,5,0.3677723763891269,0.632227623610873
48,100,50,7,7,48,0.5,0.5,0.8999999999999999,0.8999999999999999,1,1,5,0.36785809006274,0.63214190993726
80,100,50,7,7,48,0.9,0.9,0.4999999999999999,0.4999999999999999,1,1,5,0.36791651593094565,0.6320834840690543
48,100,50,7,7,48,0.5,0.5,0.8999999999999999,0.8999999999999999,9,9,5,0.36855431887090634,0.6314456811290936
16,50,100,7,7,48,0.7,0.7,0.7,0.7,5,5,5,0.3686743104015956,0.6313256895984044
48,50,100,7,7,48,0.5,0.5,0.8999999999999999,0.8999999999999999,3,3,5,0.36931631100779727,0.6306836889922027
48,100,50,7,7,48,0.5,0.5,0.8999999999999999,0.8999999999999999,7,7,5,0.36955491146465336,0.6304450885353466
80,100,50,7,7,48,0.5,0.5,0.8999999999999999,0.8999999999999999,7,7,5,0.3697115524844865,0.6302884475155135
80,100,50,7,7,48,0.5,0.5,0.8999999999999999,0.8999999999999999,9,9,5,0.37004413330331565,0.6299558666966844
48,100,50,7,7,48,0.5,0.5,0.8999999999999999,0.8999999999999999,3,3,5,0.37141713277837135,0.6285828672216287
48,50,100,7,7,48,0.5,0.5,0.8999999999999999,0.8999999999999999,5,5,5,0.37143732584628963,0.6285626741537104
48,100,50,7,7,48,0.5,0.5,0.8999999999999999,0.8999999999999999,5,5,5,0.3728527043026988,0.6271472956973012
48,100,50,5,5,80,0.9,0.9,0.4999999999999999,0.4999999999999999,7,7,5,0.3729536819615496,0.6270463180384505
16,100,50,5,5,80,0.7,0.7,0.7,0.7,1,1,5,0.3730402158143063,0.6269597841856938
16,100,50,5,5,80,0.7,0.7,0.7,0.7,5,5,5,0.37348318299199834,0.6265168170080017
16,50,100,5,5,80,0.7,0.7,0.7,0.7,7,7,5,0.373499716307362,0.626500283692638
80,100,50,7,7,48,0.5,0.5,0.8999999999999999,0.8999999999999999,3,3,5,0.37358592674829355,0.6264140732517065
16,50,100,5,5,80,0.7,0.7,0.7,0.7,5,5,5,0.3736207174365368,0.6263792825634632
16,50,100,5,5,80,0.7,0.7,0.7,0.7,1,1,5,0.37373893114571644,0.6262610688542836
80,100,50,7,7,48,0.5,0.5,0.8999999999999999,0.8999999999999999,5,5,5,0.3740788504139943,0.6259211495860058
48,100,50,5,5,80,0.9,0.9,0.4999999999999999,0.4999999999999999,9,9,5,0.37442965063984895,0.625570349360151
16,100,50,5,5,80,0.7,0.7,0.7,0.7,3,3,5,0.3745470010173103,0.6254529989826897
16,50,100,5,5,80,0.7,0.7,0.7,0.7,3,3,5,0.37455157605070805,0.6254484239492919
16,100,50,5,5,80,0.9,0.9,0.4999999999999999,0.4999999999999999,7,7,5,0.3749748717051653,0.6250251282948347
16,100,50,5,5,80,0.9,0.9,0.4999999999999999,0.4999999999999999,3,3,5,0.37508806421189106,0.624911935788109
16,50,100,5,5,80,0.9,0.9,0.4999999999999999,0.4999999999999999,9,9,5,0.3753721437927173,0.6246278562072827
16,100,50,5,5,80,0.7,0.7,0.7,0.7,7,7,5,0.3755574345376693,0.6244425654623307
16,50,100,5,5,80,0.9,0.9,0.4999999999999999,0.4999999999999999,7,7,5,0.3756826098760368,0.6243173901239631
48,50,100,5,5,80,0.9,0.9,0.4999999999999999,0.4999999999999999,9,9,5,0.37621115175333475,0.6237888482466653
16,100,50,5,5,80,0.9,0.9,0.4999999999999999,0.4999999999999999,9,9,5,0.3763846517857491,0.6236153482142509
48,50,100,5,5,80,0.9,0.9,0.4999999999999999,0.4999999999999999,7,7,5,0.37671070847305427,0.6232892915269457
16,100,50,5,5,80,0.9,0.9,0.4999999999999999,0.4999999999999999,1,1,5,0.37677383487825256,0.6232261651217474
16,50,100,5,5,80,0.9,0.9,0.4999999999999999,0.4999999999999999,3,3,5,0.37697248445532766,0.6230275155446723
48,100,50,5,5,80,0.7,0.7,0.7,0.7,7,7,5,0.37711174994957414,0.6228882500504258
16,50,100,5,5,80,0.7,0.7,0.7,0.7,9,9,5,0.37721212155887013,0.6227878784411298
48,100,50,5,5,80,0.7,0.7,0.7,0.7,9,9,5,0.37769871473154976,0.6223012852684502
80,100,50,5,5,80,0.7,0.7,0.7,0.7,7,7,5,0.377734915896296,0.6222650841037041
48,100,50,5,5,80,0.9,0.9,0.4999999999999999,0.4999999999999999,5,5,5,0.37781364031814,0.62218635968186
16,50,100,5,5,80,0.9,0.9,0.4999999999999999,0.4999999999999999,5,5,5,0.377817656147557,0.622182343852443
80,100,50,5,5,80,0.7,0.7,0.7,0.7,5,5,5,0.3778290728654139,0.6221709271345861
16,100,50,5,5,80,0.9,0.9,0.4999999999999999,0.4999999999999999,5,5,5,0.37791082499626577,0.6220891750037343
48,50,100,5,5,80,0.9,0.9,0.4999999999999999,0.4999999999999999,5,5,5,0.37810484086152246,0.6218951591384776
80,100,50,5,5,80,0.7,0.7,0.7,0.7,1,1,5,0.3781319141404586,0.6218680858595413
16,50,100,5,5,80,0.9,0.9,0.4999999999999999,0.4999999999999999,1,1,5,0.3781710368299981,0.6218289631700019
48,50,100,5,5,80,0.7,0.7,0.7,0.7,3,3,5,0.3783256829707105,0.6216743170292895
48,50,100,5,5,80,0.7,0.7,0.7,0.7,7,7,5,0.3783298225411742,0.6216701774588258
48,100,50,5,5,80,0.7,0.7,0.7,0.7,5,5,5,0.3783433272889744,0.6216566727110255
80,100,50,5,5,80,0.7,0.7,0.7,0.7,3,3,5,0.3786639742346612,0.6213360257653389
48,50,100,5,5,80,0.7,0.7,0.7,0.7,1,1,5,0.37891779929780856,0.6210822007021914
48,50,100,5,5,80,0.7,0.7,0.7,0.7,5,5,5,0.37901013198169586,0.6209898680183041
48,50,100,5,5,80,0.7,0.7,0.7,0.7,9,9,5,0.37902609283923205,0.620973907160768
48,50,100,5,5,80,0.9,0.9,0.4999999999999999,0.4999999999999999,3,3,5,0.37907913987398933,0.6209208601260107
80,100,50,5,5,80,0.7,0.7,0.7,0.7,9,9,5,0.3791104948283004,0.6208895051716996
48,50,100,5,5,80,0.9,0.9,0.4999999999999999,0.4999999999999999,1,1,5,0.37913776795768134,0.6208622320423187
48,100,50,5,5,80,0.7,0.7,0.7,0.7,3,3,5,0.3791976844294276,0.6208023155705724
16,50,100,5,5,80,0.5,0.5,0.8999999999999999,0.8999999999999999,9,9,5,0.3793954424656131,0.6206045575343869
80,50,100,5,5,80,0.7,0.7,0.7,0.7,5,5,5,0.37940455840730786,0.6205954415926922
48,100,50,5,5,80,0.9,0.9,0.4999999999999999,0.4999999999999999,1,1,5,0.37941992131444824,0.6205800786855518
16,100,50,5,5,80,0.7,0.7,0.7,0.7,9,9,5,0.37948577044030474,0.6205142295596953
48,100,50,5,5,80,0.9,0.9,0.4999999999999999,0.4999999999999999,3,3,5,0.3796817643417456,0.6203182356582544
48,100,50,5,5,80,0.7,0.7,0.7,0.7,1,1,5,0.3797001278582696,0.6202998721417303
80,50,100,5,5,80,0.7,0.7,0.7,0.7,3,3,5,0.37998948177469294,0.6200105182253071
80,50,100,5,5,80,0.7,0.7,0.7,0.7,7,7,5,0.3800102485040185,0.6199897514959816
80,50,100,5,5,80,0.7,0.7,0.7,0.7,1,1,5,0.38002195007330875,0.6199780499266913
48,50,100,5,5,80,0.5,0.5,0.8999999999999999,0.8999999999999999,7,7,5,0.38021212085989053,0.6197878791401095
48,50,100,5,5,80,0.5,0.5,0.8999999999999999,0.8999999999999999,5,5,5,0.3806406473433911,0.6193593526566089
80,50,100,5,5,80,0.7,0.7,0.7,0.7,9,9,5,0.3810739672886522,0.6189260327113477
16,100,50,5,5,80,0.5,0.5,0.8999999999999999,0.8999999999999999,7,7,5,0.3812573658382842,0.6187426341617158
48,50,100,5,5,80,0.5,0.5,0.8999999999999999,0.8999999999999999,9,9,5,0.3812995234598481,0.6187004765401519
16,100,50,5,5,80,0.5,0.5,0.8999999999999999,0.8999999999999999,9,9,5,0.38181412527162184,0.6181858747283782
80,100,50,5,5,80,0.9,0.9,0.4999999999999999,0.4999999999999999,9,9,5,0.3818352775684876,0.6181647224315123
16,100,50,5,5,80,0.5,0.5,0.8999999999999999,0.8999999999999999,5,5,5,0.38199824209978095,0.618001757900219
80,50,100,5,5,80,0.5,0.5,0.8999999999999999,0.8999999999999999,7,7,5,0.38218272764132794,0.6178172723586721
80,100,50,5,5,80,0.9,0.9,0.4999999999999999,0.4999999999999999,7,7,5,0.38230279341730483,0.6176972065826951
48,100,50,5,5,80,0.5,0.5,0.8999999999999999,0.8999999999999999,5,5,5,0.3823038154899347,0.6176961845100652
80,100,50,5,5,80,0.9,0.9,0.4999999999999999,0.4999999999999999,5,5,5,0.382316869648349,0.617683130351651
80,50,100,5,5,80,0.9,0.9,0.4999999999999999,0.4999999999999999,9,9,5,0.38251515771592526,0.6174848422840747
48,100,50,5,5,80,0.5,0.5,0.8999999999999999,0.8999999999999999,9,9,5,0.38266893953366193,0.617331060466338
16,100,50,5,5,80,0.5,0.5,0.8999999999999999,0.8999999999999999,1,1,5,0.38268529957029124,0.6173147004297088
48,100,50,5,5,80,0.5,0.5,0.8999999999999999,0.8999999999999999,7,7,5,0.3827688579825417,0.6172311420174583
80,50,100,5,5,80,0.9,0.9,0.4999999999999999,0.4999999999999999,7,7,5,0.3832586279404354,0.6167413720595646
80,50,100,5,5,80,0.9,0.9,0.4999999999999999,0.4999999999999999,5,5,5,0.3833436268747495,0.6166563731252506
80,50,100,5,5,80,0.9,0.9,0.4999999999999999,0.4999999999999999,1,1,5,0.383583164747331,0.616416835252669
80,100,50,5,5,80,0.9,0.9,0.4999999999999999,0.4999999999999999,1,1,5,0.38374552358937564,0.6162544764106244
80,100,50,5,5,80,0.5,0.5,0.8999999999999999,0.8999999999999999,9,9,5,0.38382514944880775,0.6161748505511923
80,50,100,5,5,80,0.9,0.9,0.4999999999999999,0.4999999999999999,3,3,5,0.3838791712318966,0.6161208287681035
16,100,50,5,5,80,0.5,0.5,0.8999999999999999,0.8999999999999999,3,3,5,0.3839425460449108,0.6160574539550892
80,50,100,5,5,80,0.5,0.5,0.8999999999999999,0.8999999999999999,9,9,5,0.3840171113254399,0.6159828886745601
80,100,50,5,5,80,0.9,0.9,0.4999999999999999,0.4999999999999999,3,3,5,0.3841198177729542,0.6158801822270459
80,100,50,5,5,80,0.5,0.5,0.8999999999999999,0.8999999999999999,5,5,5,0.3843601292217416,0.6156398707782584
80,50,100,5,5,80,0.5,0.5,0.8999999999999999,0.8999999999999999,3,3,5,0.38471793340324073,0.6152820665967593
80,100,50,5,5,80,0.5,0.5,0.8999999999999999,0.8999999999999999,3,3,5,0.38501432421080867,0.6149856757891914
80,50,100,5,5,80,0.5,0.5,0.8999999999999999,0.8999999999999999,5,5,5,0.38512557499413785,0.6148744250058622
16,50,100,5,5,80,0.5,0.5,0.8999999999999999,0.8999999999999999,5,5,5,0.3856588044229049,0.6143411955770951
16,50,100,5,5,80,0.5,0.5,0.8999999999999999,0.8999999999999999,7,7,5,0.38626028960746395,0.613739710392536
16,50,100,5,5,80,0.5,0.5,0.8999999999999999,0.8999999999999999,3,3,5,0.387471530346689,0.612528469653311
16,50,100,5,5,80,0.5,0.5,0.8999999999999999,0.8999999999999999,1,1,5,0.3876669839849882,0.6123330160150118
48,50,100,5,5,80,0.5,0.5,0.8999999999999999,0.8999999999999999,1,1,5,0.387897599312993,0.612102400687007
80,50,100,5,5,80,0.5,0.5,0.8999999999999999,0.8999999999999999,1,1,5,0.38791400141635707,0.6120859985836429
48,50,100,5,5,80,0.5,0.5,0.8999999999999999,0.8999999999999999,3,3,5,0.38836731678920605,0.6116326832107939
48,100,50,5,5,80,0.5,0.5,0.8999999999999999,0.8999999999999999,1,1,5,0.3887961685478516,0.6112038314521484
80,100,50,5,5,80,0.5,0.5,0.8999999999999999,0.8999999999999999,7,7,5,0.38887293156730124,0.6111270684326988
48,100,50,5,5,80,0.5,0.5,0.8999999999999999,0.8999999999999999,3,3,5,0.38968894141452926,0.6103110585854707
80,100,50,5,5,80,0.5,0.5,0.8999999999999999,0.8999999999999999,1,1,5,0.3899145371460191,0.6100854628539809
