max_depth_XGB,reg_lambda_XGB,n_estimators_XGB,learning_rate_XGB,subsample_XGB,colsample_bytree_XGB,min_child_weight_XGB,reg_alpha_XGB,degree,mse,r2
9,9,100,0.1,0.9,0.9,16,0.1,10,0.200707657,0.799292343
9,9,100,0.1,0.9,0.9,16,0.01,10,0.200769882,0.799230118
7,7,100,0.1,0.9,0.9,16,0.01,10,0.200799799,0.799200201
5,5,100,0.1,0.9,0.9,16,0.01,10,0.200799909,0.799200091
7,7,100,0.1,0.9,0.9,16,0.1,10,0.200802733,0.799197267
7,7,100,0.1,0.9,0.9,16,1,10,0.200808823,0.799191177
5,5,100,0.1,0.9,0.9,16,0.1,10,0.20088712,0.79911288
5,5,100,0.1,0.9,0.9,48,0.01,10,0.200973111,0.799026889
5,5,100,0.1,0.9,0.9,16,1,10,0.200985882,0.799014118
5,5,100,0.1,0.9,0.9,48,0.1,10,0.200989048,0.799010952
9,9,100,0.1,0.9,0.9,16,1,10,0.201174105,0.798825895
7,7,100,0.1,0.9,0.9,48,0.1,10,0.20129303,0.79870697
7,7,100,0.1,0.9,0.9,48,1,10,0.201305631,0.798694369
5,5,100,0.1,0.9,0.9,48,1,10,0.201308723,0.798691277
7,7,100,0.1,0.9,0.9,48,0.01,10,0.20132155,0.79867845
9,9,100,0.1,0.9,0.9,48,0.1,10,0.201387801,0.798612199
9,9,100,0.1,0.9,0.9,48,0.01,10,0.201390568,0.798609432
9,9,100,0.1,0.9,0.9,48,1,10,0.201599462,0.798400538
5,5,100,0.1,0.7,0.7,16,0.01,10,0.201966587,0.798033413
5,5,100,0.1,0.7,0.7,16,0.1,10,0.201988049,0.798011951
7,7,100,0.1,0.7,0.7,16,0.01,10,0.202240031,0.797759969
3,3,100,0.1,0.7,0.7,144,0.01,10,0.202311153,0.797688847
3,3,100,0.1,0.7,0.7,144,0.1,10,0.202311607,0.797688393
7,7,100,0.1,0.7,0.7,16,0.1,10,0.202322645,0.797677355
5,5,100,0.1,0.9,0.9,80,0.01,10,0.202327904,0.797672096
5,5,100,0.1,0.7,0.7,16,1,10,0.202337658,0.797662342
5,5,100,0.1,0.9,0.9,80,0.1,10,0.202353625,0.797646375
5,5,100,0.1,0.7,0.7,144,0.01,10,0.202424443,0.797575557
5,5,100,0.1,0.7,0.7,144,0.1,10,0.202429477,0.797570523
5,5,100,0.1,0.7,0.7,144,1,10,0.202430999,0.797569001
3,3,100,0.1,0.7,0.7,144,1,10,0.20245361,0.79754639
9,9,100,0.1,0.7,0.7,144,1,10,0.202483126,0.797516874
7,7,100,0.1,0.7,0.7,144,0.01,10,0.20248373,0.79751627
9,9,100,0.1,0.7,0.7,144,0.01,10,0.20249082,0.79750918
9,9,100,0.1,0.7,0.7,144,0.1,10,0.202493777,0.797506223
7,7,100,0.1,0.7,0.7,144,0.1,10,0.202496563,0.797503437
7,7,100,0.1,0.7,0.7,144,1,10,0.202515943,0.797484057
5,5,100,0.1,0.9,0.9,80,1,10,0.202529856,0.797470144
7,7,100,0.1,0.7,0.7,16,1,10,0.202547931,0.797452069
7,7,100,0.1,0.9,0.9,80,0.1,10,0.20260344,0.79739656
7,7,100,0.1,0.9,0.9,80,0.01,10,0.202607126,0.797392874
9,9,100,0.1,0.7,0.7,16,0.01,10,0.202623922,0.797376078
9,9,100,0.1,0.7,0.7,16,0.1,10,0.202642524,0.797357476
7,7,100,0.1,0.9,0.9,80,1,10,0.202646754,0.797353246
9,9,100,0.1,0.9,0.9,80,0.1,10,0.202666464,0.797333536
9,9,100,0.1,0.9,0.9,80,0.01,10,0.202691936,0.797308064
9,9,100,0.1,0.7,0.7,16,1,10,0.202763461,0.797236539
9,9,100,0.1,0.9,0.9,80,1,10,0.202777868,0.797222132
5,5,100,0.1,0.7,0.7,48,0.01,10,0.202866225,0.797133775
5,5,100,0.1,0.7,0.7,48,0.1,10,0.20292694,0.79707306
7,7,100,0.1,0.7,0.7,48,0.1,10,0.203131943,0.796868057
5,5,100,0.1,0.7,0.7,48,1,10,0.203137307,0.796862693
7,7,100,0.1,0.7,0.7,48,0.01,10,0.203174,0.796826
7,7,100,0.1,0.7,0.7,48,1,10,0.20323774,0.79676226
5,5,200,0.05,0.9,0.9,80,0.01,10,0.203278151,0.796721849
5,5,200,0.05,0.9,0.9,80,0.1,10,0.203286042,0.796713958
9,9,100,0.1,0.7,0.7,48,1,10,0.203366547,0.796633453
9,9,100,0.1,0.7,0.7,48,0.01,10,0.203384665,0.796615335
9,9,100,0.1,0.7,0.7,48,0.1,10,0.203393613,0.796606387
5,5,200,0.05,0.7,0.7,16,0.01,10,0.203448823,0.796551177
5,5,200,0.05,0.7,0.7,16,0.1,10,0.20345259,0.79654741
7,7,200,0.05,0.7,0.7,16,0.01,10,0.203465576,0.796534424
7,7,200,0.05,0.7,0.7,16,0.1,10,0.203482475,0.796517525
7,7,200,0.05,0.7,0.7,16,1,10,0.203543365,0.796456635
5,5,200,0.05,0.7,0.7,16,1,10,0.203544063,0.796455937
9,9,200,0.05,0.7,0.7,16,0.1,10,0.203641869,0.796358131
9,9,200,0.05,0.7,0.7,16,0.01,10,0.203649159,0.796350841
5,5,200,0.05,0.7,0.7,48,0.01,10,0.20369101,0.79630899
5,5,200,0.05,0.7,0.7,48,0.1,10,0.203705946,0.796294054
9,9,200,0.05,0.7,0.7,16,1,10,0.203706751,0.796293249
5,5,100,0.1,0.9,0.9,112,0.01,10,0.20374979,0.79625021
5,5,200,0.05,0.7,0.7,48,1,10,0.203774198,0.796225802
5,5,100,0.1,0.9,0.9,112,0.1,10,0.203789321,0.796210679
7,7,200,0.05,0.7,0.7,48,0.1,10,0.203795003,0.796204997
7,7,200,0.05,0.7,0.7,48,0.01,10,0.203810719,0.796189281
7,7,100,0.1,0.9,0.9,112,0.01,10,0.203826518,0.796173482
7,7,100,0.1,0.9,0.9,112,0.1,10,0.203828377,0.796171623
7,7,100,0.1,0.9,0.9,112,1,10,0.203830079,0.796169921
7,7,200,0.05,0.7,0.7,48,1,10,0.203844649,0.796155351
5,5,100,0.1,0.9,0.9,112,1,10,0.203844902,0.796155098
9,9,100,0.1,0.9,0.9,112,0.1,10,0.203856804,0.796143196
9,9,100,0.1,0.9,0.9,112,0.01,10,0.203865657,0.796134343
5,5,100,0.1,0.7,0.7,80,0.01,10,0.203907782,0.796092218
5,5,100,0.1,0.7,0.7,80,0.1,10,0.203922584,0.796077416
9,9,100,0.1,0.9,0.9,112,1,10,0.2039237,0.7960763
9,9,200,0.05,0.7,0.7,48,0.01,10,0.203926372,0.796073628
9,9,200,0.05,0.7,0.7,48,0.1,10,0.203932239,0.796067761
5,5,200,0.05,0.9,0.9,112,0.01,10,0.203939298,0.796060702
9,9,200,0.05,0.7,0.7,48,1,10,0.203944914,0.796055086
7,7,200,0.05,0.9,0.9,112,0.1,10,0.203947509,0.796052491
5,5,200,0.05,0.9,0.9,112,0.1,10,0.203950816,0.796049184
5,5,200,0.05,0.9,0.9,112,1,10,0.203950971,0.796049029
7,7,200,0.05,0.9,0.9,112,0.01,10,0.203951009,0.796048991
7,7,200,0.05,0.9,0.9,112,1,10,0.203968823,0.796031177
9,9,200,0.05,0.9,0.9,112,0.1,10,0.203992886,0.796007114
9,9,200,0.05,0.9,0.9,112,0.01,10,0.203997117,0.796002883
9,9,200,0.05,0.9,0.9,112,1,10,0.204018663,0.795981337
3,3,100,0.1,0.9,0.9,16,0.1,10,0.204034659,0.795965341
5,5,100,0.1,0.7,0.7,80,1,10,0.204039541,0.795960459
3,3,100,0.1,0.9,0.9,16,1,10,0.2040468,0.7959532
3,3,100,0.1,0.9,0.9,16,0.01,10,0.204068261,0.795931739
3,3,100,0.1,0.9,0.9,48,1,10,0.204072871,0.795927129
3,3,100,0.1,0.9,0.9,80,0.1,10,0.204074409,0.795925591
3,3,100,0.1,0.9,0.9,80,0.01,10,0.204077212,0.795922788
3,3,100,0.1,0.9,0.9,80,1,10,0.204082514,0.795917486
3,3,100,0.1,0.9,0.9,48,0.1,10,0.20410623,0.79589377
7,7,100,0.1,0.7,0.7,80,0.1,10,0.204108792,0.795891208
7,7,100,0.1,0.7,0.7,80,0.01,10,0.20411793,0.79588207
3,3,100,0.1,0.9,0.9,48,0.01,10,0.20411873,0.79588127
3,3,200,0.05,0.9,0.9,16,1,10,0.204134502,0.795865498
7,7,100,0.1,0.7,0.7,80,1,10,0.204146906,0.795853094
3,3,200,0.05,0.9,0.9,48,1,10,0.204158889,0.795841111
3,3,200,0.05,0.9,0.9,16,0.1,10,0.204160614,0.795839386
3,3,200,0.05,0.9,0.9,80,1,10,0.204161836,0.795838164
3,3,200,0.05,0.9,0.9,80,0.1,10,0.204162075,0.795837925
3,3,200,0.05,0.9,0.9,80,0.01,10,0.204168118,0.795831882
3,3,200,0.05,0.9,0.9,16,0.01,10,0.20417911,0.79582089
9,9,100,0.1,0.7,0.7,80,0.01,10,0.204184922,0.795815078
3,3,200,0.05,0.9,0.9,48,0.1,10,0.204193042,0.795806958
9,9,100,0.1,0.7,0.7,80,0.1,10,0.204204152,0.795795848
3,3,200,0.05,0.9,0.9,48,0.01,10,0.204204791,0.795795209
5,5,200,0.05,0.7,0.7,80,0.01,10,0.204254957,0.795745043
5,5,200,0.05,0.7,0.7,80,0.1,10,0.204273526,0.795726474
9,9,100,0.1,0.7,0.7,80,1,10,0.204305471,0.795694529
5,5,200,0.05,0.7,0.7,80,1,10,0.204321941,0.795678059
3,3,200,0.05,0.9,0.9,112,1,10,0.204337828,0.795662172
3,3,200,0.05,0.9,0.9,112,0.1,10,0.204341703,0.795658297
3,3,200,0.05,0.9,0.9,112,0.01,10,0.204351332,0.795648668
7,7,200,0.05,0.7,0.7,80,0.01,10,0.204358181,0.795641819
7,7,200,0.05,0.7,0.7,80,0.1,10,0.204358994,0.795641006
7,7,200,0.05,0.7,0.7,80,1,10,0.204382909,0.795617091
9,9,200,0.05,0.7,0.7,80,0.01,10,0.204391023,0.795608977
9,9,200,0.05,0.7,0.7,80,0.1,10,0.204400915,0.795599085
7,7,200,0.05,0.9,0.9,144,0.1,10,0.204409522,0.795590478
7,7,200,0.05,0.9,0.9,144,0.01,10,0.204410226,0.795589774
7,7,200,0.05,0.5,0.5,16,0.01,10,0.204418084,0.795581916
7,7,200,0.05,0.9,0.9,144,1,10,0.204418737,0.795581263
7,7,200,0.05,0.5,0.5,16,0.1,10,0.204420148,0.795579852
9,9,200,0.05,0.9,0.9,144,0.1,10,0.204434487,0.795565513
5,5,200,0.05,0.9,0.9,144,1,10,0.204439331,0.795560669
5,5,200,0.05,0.9,0.9,144,0.01,10,0.204442278,0.795557722
9,9,200,0.05,0.9,0.9,144,0.01,10,0.204443862,0.795556138
5,5,200,0.05,0.9,0.9,144,0.1,10,0.204448748,0.795551252
9,9,200,0.05,0.9,0.9,144,1,10,0.204449735,0.795550265
9,9,200,0.05,0.7,0.7,80,1,10,0.204453334,0.795546666
3,3,200,0.05,0.9,0.9,144,0.01,10,0.204457163,0.795542837
3,3,200,0.05,0.9,0.9,144,0.1,10,0.204457943,0.795542057
3,3,200,0.05,0.9,0.9,144,1,10,0.204466293,0.795533707
5,5,200,0.05,0.5,0.5,16,0.01,10,0.204475929,0.795524071
5,5,200,0.05,0.5,0.5,16,0.1,10,0.204501851,0.795498149
5,5,200,0.05,0.5,0.5,16,1,10,0.204516835,0.795483165
3,3,100,0.1,0.9,0.9,112,1,10,0.204520531,0.795479469
3,3,100,0.1,0.9,0.9,112,0.1,10,0.204542425,0.795457575
3,3,200,0.05,0.7,0.7,48,0.01,10,0.20454785,0.79545215
3,3,200,0.05,0.7,0.7,48,0.1,10,0.204549064,0.795450936
3,3,100,0.1,0.9,0.9,112,0.01,10,0.204552873,0.795447127
3,3,200,0.05,0.7,0.7,48,1,10,0.204568061,0.795431939
5,5,200,0.05,0.5,0.5,48,1,10,0.204572293,0.795427707
7,7,200,0.05,0.5,0.5,16,1,10,0.204576847,0.795423153
3,3,200,0.05,0.7,0.7,16,1,10,0.204577726,0.795422274
3,3,200,0.05,0.7,0.7,16,0.1,10,0.204583948,0.795416052
5,5,200,0.05,0.5,0.5,48,0.1,10,0.204585342,0.795414658
3,3,200,0.05,0.7,0.7,16,0.01,10,0.204585493,0.795414507
3,3,100,0.1,0.7,0.7,48,0.01,10,0.204586812,0.795413188
5,5,200,0.05,0.5,0.5,48,0.01,10,0.204587646,0.795412354
3,3,100,0.1,0.7,0.7,48,1,10,0.204597441,0.795402559
7,7,200,0.05,0.5,0.5,48,0.01,10,0.204598277,0.795401723
7,7,200,0.05,0.5,0.5,48,0.1,10,0.204605962,0.795394038
3,3,100,0.1,0.7,0.7,48,0.1,10,0.204616452,0.795383548
3,3,200,0.05,0.7,0.7,80,0.01,10,0.204619285,0.795380715
3,3,200,0.05,0.7,0.7,80,0.1,10,0.204621285,0.795378715
9,9,200,0.05,0.5,0.5,16,0.1,10,0.204627394,0.795372606
9,9,200,0.05,0.5,0.5,16,0.01,10,0.204655359,0.795344641
3,3,200,0.05,0.7,0.7,80,1,10,0.204664745,0.795335255
3,3,100,0.1,0.7,0.7,80,0.01,10,0.204680604,0.795319396
3,3,100,0.1,0.7,0.7,80,0.1,10,0.204694194,0.795305806
7,7,200,0.05,0.5,0.5,48,1,10,0.20469662,0.79530338
3,3,100,0.1,0.7,0.7,16,1,10,0.204712859,0.795287141
9,9,200,0.05,0.5,0.5,16,1,10,0.20471291,0.79528709
9,9,100,0.1,0.9,0.9,144,0.1,10,0.204717678,0.795282322
7,7,100,0.1,0.9,0.9,144,1,10,0.204734622,0.795265378
9,9,100,0.1,0.9,0.9,144,0.01,10,0.204739057,0.795260943
5,5,100,0.1,0.9,0.9,144,0.01,10,0.204753549,0.795246451
9,9,100,0.1,0.9,0.9,144,1,10,0.204758341,0.795241659
7,7,100,0.1,0.9,0.9,144,0.01,10,0.204768967,0.795231033
9,9,200,0.05,0.5,0.5,48,0.01,10,0.204770281,0.795229719
5,5,100,0.1,0.9,0.9,144,0.1,10,0.204770819,0.795229181
7,7,100,0.1,0.9,0.9,144,0.1,10,0.20477149,0.79522851
9,9,200,0.05,0.5,0.5,48,0.1,10,0.204777052,0.795222948
3,3,100,0.1,0.7,0.7,80,1,10,0.204785684,0.795214316
3,3,100,0.1,0.7,0.7,16,0.01,10,0.20481616,0.79518384
5,5,100,0.1,0.9,0.9,144,1,10,0.204816474,0.795183526
9,9,200,0.05,0.5,0.5,48,1,10,0.204820656,0.795179344
3,3,100,0.1,0.7,0.7,16,0.1,10,0.204828068,0.795171932
3,3,100,0.1,0.9,0.9,144,1,10,0.204856893,0.795143107
5,5,200,0.05,0.7,0.7,112,1,10,0.204883295,0.795116705
5,5,200,0.05,0.7,0.7,112,0.01,10,0.204889217,0.795110783
7,7,200,0.05,0.7,0.7,112,0.1,10,0.204892486,0.795107514
7,7,200,0.05,0.7,0.7,112,1,10,0.204893548,0.795106452
7,7,200,0.05,0.7,0.7,112,0.01,10,0.204893656,0.795106344
5,5,200,0.05,0.7,0.7,112,0.1,10,0.204899731,0.795100269
9,9,200,0.05,0.7,0.7,112,0.1,10,0.204905994,0.795094006
3,3,200,0.05,0.7,0.7,112,0.01,10,0.20490731,0.79509269
9,9,200,0.05,0.7,0.7,112,0.01,10,0.204908785,0.795091215
3,3,200,0.05,0.7,0.7,112,0.1,10,0.204909115,0.795090885
3,3,200,0.05,0.5,0.5,48,0.01,10,0.204911943,0.795088057
9,9,200,0.05,0.7,0.7,112,1,10,0.204912718,0.795087282
3,3,100,0.1,0.9,0.9,144,0.1,10,0.204919467,0.795080533
3,3,100,0.1,0.9,0.9,144,0.01,10,0.204923009,0.795076991
3,3,200,0.05,0.5,0.5,48,0.1,10,0.204926345,0.795073655
3,3,200,0.05,0.7,0.7,112,1,10,0.204939125,0.795060875
3,3,200,0.05,0.5,0.5,48,1,10,0.20497461,0.79502539
3,3,200,0.05,0.5,0.5,16,0.01,10,0.205053558,0.794946442
3,3,200,0.05,0.5,0.5,16,0.1,10,0.205066691,0.794933309
5,5,100,0.1,0.7,0.7,112,1,10,0.205086299,0.794913701
7,7,100,0.1,0.5,0.5,16,0.01,10,0.205089278,0.794910722
7,7,100,0.1,0.7,0.7,112,1,10,0.205105705,0.794894295
5,5,100,0.1,0.7,0.7,112,0.01,10,0.205114103,0.794885897
7,7,100,0.1,0.5,0.5,16,0.1,10,0.205124097,0.794875903
7,7,100,0.1,0.7,0.7,112,0.1,10,0.205124298,0.794875702
5,5,100,0.1,0.7,0.7,112,0.1,10,0.20512551,0.79487449
3,3,200,0.05,0.5,0.5,16,1,10,0.205137167,0.794862833
7,7,100,0.1,0.7,0.7,112,0.01,10,0.205140887,0.794859113
9,9,100,0.1,0.7,0.7,112,0.01,10,0.205145113,0.794854887
9,9,100,0.1,0.7,0.7,112,0.1,10,0.205146934,0.794853066
3,3,200,0.05,0.5,0.5,80,0.01,10,0.205151154,0.794848846
3,3,100,0.1,0.7,0.7,112,0.01,10,0.205155264,0.794844736
3,3,200,0.05,0.5,0.5,80,0.1,10,0.205157815,0.794842185
3,3,100,0.1,0.7,0.7,112,0.1,10,0.205166444,0.794833556
5,5,200,0.05,0.5,0.5,80,0.01,10,0.205178252,0.794821748
5,5,200,0.05,0.5,0.5,80,0.1,10,0.205180533,0.794819467
5,5,200,0.05,0.5,0.5,80,1,10,0.205185277,0.794814723
3,3,200,0.05,0.5,0.5,80,1,10,0.205193565,0.794806435
9,9,100,0.1,0.7,0.7,112,1,10,0.205200556,0.794799444
7,7,200,0.05,0.5,0.5,80,0.01,10,0.205203168,0.794796832
7,7,200,0.05,0.5,0.5,80,0.1,10,0.205205677,0.794794323
7,7,200,0.05,0.5,0.5,80,1,10,0.205249898,0.794750102
3,3,100,0.1,0.7,0.7,112,1,10,0.20528229,0.79471771
9,9,200,0.05,0.5,0.5,80,0.1,10,0.205294502,0.794705498
9,9,200,0.05,0.5,0.5,80,0.01,10,0.205297278,0.794702722
3,3,200,0.05,0.7,0.7,144,0.1,10,0.205306666,0.794693334
3,3,200,0.05,0.7,0.7,144,0.01,10,0.205310294,0.794689706
9,9,200,0.05,0.5,0.5,80,1,10,0.205316373,0.794683627
5,5,100,0.1,0.5,0.5,16,1,10,0.205326018,0.794673982
5,5,200,0.05,0.7,0.7,144,0.01,10,0.20532834,0.79467166
5,5,200,0.05,0.7,0.7,144,0.1,10,0.205333489,0.794666511
5,5,100,0.1,0.5,0.5,48,1,10,0.20533463,0.79466537
5,5,200,0.05,0.7,0.7,144,1,10,0.205340133,0.794659867
7,7,100,0.1,0.5,0.5,48,0.01,10,0.205340447,0.794659553
3,3,200,0.05,0.7,0.7,144,1,10,0.205342534,0.794657466
7,7,100,0.1,0.5,0.5,48,0.1,10,0.205342579,0.794657421
7,7,200,0.05,0.7,0.7,144,0.01,10,0.205348701,0.794651299
7,7,200,0.05,0.7,0.7,144,0.1,10,0.205352273,0.794647727
9,9,200,0.05,0.7,0.7,144,0.01,10,0.205357769,0.794642231
9,9,200,0.05,0.7,0.7,144,0.1,10,0.205360921,0.794639079
9,9,200,0.05,0.7,0.7,144,1,10,0.205362711,0.794637289
5,5,100,0.1,0.5,0.5,16,0.01,10,0.205363754,0.794636246
7,7,200,0.05,0.7,0.7,144,1,10,0.205365855,0.794634145
7,7,100,0.1,0.5,0.5,16,1,10,0.205407073,0.794592927
5,5,100,0.1,0.5,0.5,16,0.1,10,0.205445067,0.794554933
9,9,100,0.1,0.5,0.5,16,0.1,10,0.205494256,0.794505744
7,7,100,0.1,0.5,0.5,48,1,10,0.205508195,0.794491805
5,5,100,0.1,0.5,0.5,48,0.1,10,0.205518726,0.794481274
9,9,100,0.1,0.5,0.5,16,1,10,0.205536042,0.794463958
5,5,100,0.1,0.5,0.5,48,0.01,10,0.20553697,0.79446303
9,9,100,0.1,0.5,0.5,16,0.01,10,0.205578294,0.794421706
3,3,200,0.05,0.5,0.5,112,0.01,10,0.205613849,0.794386151
3,3,200,0.05,0.5,0.5,112,0.1,10,0.205617623,0.794382377
9,9,100,0.1,0.5,0.5,48,0.01,10,0.20562497,0.79437503
3,3,200,0.05,0.5,0.5,112,1,10,0.20563417,0.79436583
5,5,200,0.05,0.5,0.5,112,0.01,10,0.205641497,0.794358503
5,5,200,0.05,0.5,0.5,112,0.1,10,0.205643175,0.794356825
9,9,100,0.1,0.5,0.5,48,0.1,10,0.205644897,0.794355103
5,5,200,0.05,0.5,0.5,112,1,10,0.205653629,0.794346371
7,7,200,0.05,0.5,0.5,112,0.01,10,0.205677287,0.794322713
7,7,200,0.05,0.5,0.5,112,0.1,10,0.205680322,0.794319678
9,9,100,0.1,0.5,0.5,48,1,10,0.205722604,0.794277396
7,7,200,0.05,0.5,0.5,112,1,10,0.205731775,0.794268225
9,9,200,0.05,0.5,0.5,112,0.1,10,0.205741486,0.794258514
9,9,200,0.05,0.5,0.5,112,0.01,10,0.205756208,0.794243792
9,9,200,0.05,0.5,0.5,112,1,10,0.205762653,0.794237347
3,3,200,0.05,0.5,0.5,144,0.01,10,0.20592665,0.79407335
3,3,200,0.05,0.5,0.5,144,0.1,10,0.205928274,0.794071726
3,3,200,0.05,0.5,0.5,144,1,10,0.205938574,0.794061426
3,3,100,0.1,0.5,0.5,48,0.01,10,0.205939605,0.794060395
5,5,200,0.05,0.5,0.5,144,0.01,10,0.205947655,0.794052345
5,5,200,0.05,0.5,0.5,144,0.1,10,0.205948716,0.794051284
5,5,200,0.05,0.5,0.5,144,1,10,0.205955177,0.794044823
7,7,200,0.05,0.5,0.5,144,0.01,10,0.205984988,0.794015012
7,7,200,0.05,0.5,0.5,144,0.1,10,0.205986781,0.794013219
3,3,100,0.1,0.5,0.5,48,0.1,10,0.205993501,0.794006499
7,7,200,0.05,0.5,0.5,144,1,10,0.206013438,0.793986562
9,9,200,0.05,0.5,0.5,144,1,10,0.206021951,0.793978049
9,9,200,0.05,0.5,0.5,144,0.1,10,0.206026326,0.793973674
9,9,200,0.05,0.5,0.5,144,0.01,10,0.206030791,0.793969209
3,3,100,0.1,0.5,0.5,16,0.01,10,0.206041423,0.793958577
3,3,100,0.1,0.5,0.5,16,0.1,10,0.206067669,0.793932331
3,3,100,0.1,0.5,0.5,80,0.01,10,0.206077721,0.793922279
3,3,100,0.1,0.5,0.5,80,0.1,10,0.206085617,0.793914383
5,5,100,0.1,0.5,0.5,80,1,10,0.206109639,0.793890361
5,5,100,0.1,0.5,0.5,80,0.01,10,0.206113395,0.793886605
7,7,100,0.1,0.5,0.5,80,0.1,10,0.206124009,0.793875991
7,7,100,0.1,0.5,0.5,80,0.01,10,0.2061248,0.7938752
5,5,100,0.1,0.5,0.5,80,0.1,10,0.206129611,0.793870389
3,3,100,0.1,0.5,0.5,48,1,10,0.206133462,0.793866538
3,3,100,0.1,0.5,0.5,80,1,10,0.206154269,0.793845731
7,7,100,0.1,0.5,0.5,80,1,10,0.206207109,0.793792891
9,9,100,0.1,0.5,0.5,80,0.1,10,0.206271362,0.793728638
9,9,100,0.1,0.5,0.5,80,0.01,10,0.206295776,0.793704224
9,9,100,0.1,0.5,0.5,80,1,10,0.206309909,0.793690091
3,3,100,0.1,0.5,0.5,16,1,10,0.206337062,0.793662938
7,7,200,0.05,0.9,0.9,16,0.01,10,0.206383187,0.793616813
7,7,200,0.05,0.9,0.9,16,0.1,10,0.206410927,0.793589073
7,7,200,0.05,0.9,0.9,16,1,10,0.206466405,0.793533595
5,5,200,0.05,0.9,0.9,16,0.01,10,0.206499118,0.793500882
9,9,200,0.05,0.9,0.9,16,0.1,10,0.20652886,0.79347114
9,9,200,0.05,0.9,0.9,16,0.01,10,0.206541746,0.793458254
5,5,200,0.05,0.9,0.9,16,0.1,10,0.206543944,0.793456056
5,5,200,0.05,0.9,0.9,48,0.01,10,0.206554557,0.793445443
5,5,200,0.05,0.9,0.9,48,0.1,10,0.206562402,0.793437598
5,5,200,0.05,0.9,0.9,16,1,10,0.206617635,0.793382365
9,9,200,0.05,0.9,0.9,16,1,10,0.206652184,0.793347816
5,5,200,0.05,0.9,0.9,48,1,10,0.206672197,0.793327803
7,7,200,0.05,0.9,0.9,48,0.1,10,0.206673066,0.793326934
7,7,200,0.05,0.9,0.9,48,0.01,10,0.206682521,0.793317479
7,7,200,0.05,0.9,0.9,48,1,10,0.206705583,0.793294417
9,9,200,0.05,0.9,0.9,48,0.01,10,0.206760485,0.793239515
9,9,200,0.05,0.9,0.9,48,0.1,10,0.206764987,0.793235013
9,9,200,0.05,0.9,0.9,48,1,10,0.20686102,0.79313898
3,3,100,0.1,0.5,0.5,112,0.1,10,0.206867384,0.793132616
3,3,100,0.1,0.5,0.5,112,0.01,10,0.206871256,0.793128744
5,5,100,0.1,0.5,0.5,112,0.01,10,0.206902815,0.793097185
5,5,100,0.1,0.5,0.5,112,0.1,10,0.20690984,0.79309016
3,3,100,0.1,0.5,0.5,112,1,10,0.206911268,0.793088732
5,5,100,0.1,0.5,0.5,112,1,10,0.206922006,0.793077994
7,7,100,0.1,0.5,0.5,112,0.1,10,0.207005886,0.792994114
7,7,100,0.1,0.5,0.5,112,0.01,10,0.207006198,0.792993802
7,7,100,0.1,0.5,0.5,112,1,10,0.207094294,0.792905706
9,9,100,0.1,0.5,0.5,112,0.1,10,0.207099958,0.792900042
9,9,100,0.1,0.5,0.5,112,1,10,0.207126818,0.792873182
9,9,100,0.1,0.5,0.5,112,0.01,10,0.207127108,0.792872892
5,5,200,0.05,0.9,0.9,80,1,10,0.20729356,0.79270644
7,7,200,0.05,0.9,0.9,80,0.1,10,0.207307108,0.792692892
7,7,200,0.05,0.9,0.9,80,0.01,10,0.207312276,0.792687724
7,7,200,0.05,0.9,0.9,80,1,10,0.207352828,0.792647172
9,9,200,0.05,0.9,0.9,80,0.1,10,0.207392096,0.792607904
9,9,200,0.05,0.9,0.9,80,0.01,10,0.207394883,0.792605117
9,9,200,0.05,0.9,0.9,80,1,10,0.20744485,0.79255515
3,3,100,0.1,0.5,0.5,144,0.1,10,0.207448659,0.792551341
3,3,100,0.1,0.5,0.5,144,0.01,10,0.207451992,0.792548008
5,5,100,0.1,0.5,0.5,144,0.01,10,0.207471104,0.792528896
5,5,100,0.1,0.5,0.5,144,0.1,10,0.20747388,0.79252612
3,3,100,0.1,0.5,0.5,144,1,10,0.207487719,0.792512281
5,5,100,0.1,0.5,0.5,144,1,10,0.207502457,0.792497543
7,7,100,0.1,0.5,0.5,144,0.01,10,0.207570828,0.792429172
7,7,100,0.1,0.5,0.5,144,0.1,10,0.207573571,0.792426429
9,9,100,0.1,0.5,0.5,144,1,10,0.207588906,0.792411094
9,9,100,0.1,0.5,0.5,144,0.1,10,0.207627155,0.792372845
7,7,100,0.1,0.5,0.5,144,1,10,0.207632208,0.792367792
9,9,100,0.1,0.5,0.5,144,0.01,10,0.207638118,0.792361882
7,7,100,0.1,0.9,0.9,16,0.1,5,0.368797136,0.631202864
7,7,100,0.1,0.9,0.9,16,0.01,5,0.368803862,0.631196138
7,7,100,0.1,0.9,0.9,16,1,5,0.368906365,0.631093635
5,5,100,0.1,0.9,0.9,48,0.01,5,0.36892732,0.63107268
5,5,100,0.1,0.9,0.9,48,0.1,5,0.36896389,0.63103611
9,9,100,0.1,0.9,0.9,16,0.1,5,0.368994384,0.631005616
9,9,100,0.1,0.9,0.9,16,0.01,5,0.369005058,0.630994942
5,5,100,0.1,0.9,0.9,48,1,5,0.369134879,0.630865121
7,7,100,0.1,0.9,0.9,48,0.1,5,0.369144525,0.630855475
9,9,100,0.1,0.9,0.9,16,1,5,0.36915454,0.63084546
7,7,100,0.1,0.9,0.9,48,0.01,5,0.369160405,0.630839595
7,7,100,0.1,0.9,0.9,48,1,5,0.369196156,0.630803844
9,9,100,0.1,0.9,0.9,48,0.1,5,0.369264809,0.630735191
9,9,100,0.1,0.9,0.9,48,0.01,5,0.369277816,0.630722184
9,9,100,0.1,0.9,0.9,48,1,5,0.369359308,0.630640692
5,5,100,0.1,0.9,0.9,80,0.01,5,0.369619548,0.630380452
5,5,100,0.1,0.9,0.9,80,0.1,5,0.369639497,0.630360503
5,5,100,0.1,0.7,0.7,16,0.01,5,0.369655459,0.630344541
5,5,100,0.1,0.7,0.7,16,0.1,5,0.369672059,0.630327941
7,7,100,0.1,0.7,0.7,16,0.01,5,0.369697255,0.630302745
7,7,100,0.1,0.7,0.7,16,1,5,0.369722392,0.630277608
7,7,100,0.1,0.7,0.7,16,0.1,5,0.369733838,0.630266162
5,5,100,0.1,0.9,0.9,80,1,5,0.369782271,0.630217729
9,9,100,0.1,0.7,0.7,16,0.01,5,0.369788283,0.630211717
9,9,100,0.1,0.7,0.7,16,0.1,5,0.369811863,0.630188137
5,5,100,0.1,0.7,0.7,16,1,5,0.369812438,0.630187562
5,5,100,0.1,0.9,0.9,16,0.01,5,0.369855457,0.630144543
7,7,100,0.1,0.9,0.9,80,0.1,5,0.369864888,0.630135112
7,7,100,0.1,0.9,0.9,80,0.01,5,0.369868379,0.630131621
9,9,100,0.1,0.7,0.7,16,1,5,0.369898669,0.630101331
5,5,100,0.1,0.9,0.9,16,0.1,5,0.369909872,0.630090128
5,5,100,0.1,0.9,0.9,16,1,5,0.369928542,0.630071458
7,7,100,0.1,0.9,0.9,80,1,5,0.369937883,0.630062117
3,3,100,0.1,0.9,0.9,112,0.1,5,0.369948485,0.630051515
3,3,100,0.1,0.9,0.9,112,0.01,5,0.369956418,0.630043582
9,9,100,0.1,0.9,0.9,80,0.1,5,0.369996896,0.630003104
9,9,100,0.1,0.9,0.9,80,0.01,5,0.370008551,0.629991449
9,9,100,0.1,0.9,0.9,80,1,5,0.370039024,0.629960976
7,7,100,0.1,0.7,0.7,48,1,5,0.370041173,0.629958827
5,5,100,0.1,0.7,0.7,48,0.01,5,0.370044134,0.629955866
5,5,100,0.1,0.7,0.7,48,0.1,5,0.37005901,0.62994099
7,7,100,0.1,0.7,0.7,48,0.1,5,0.370070749,0.629929251
7,7,100,0.1,0.7,0.7,48,0.01,5,0.370080564,0.629919436
5,5,100,0.1,0.7,0.7,48,1,5,0.370093119,0.629906881
9,9,100,0.1,0.7,0.7,48,0.01,5,0.370157892,0.629842108
9,9,100,0.1,0.7,0.7,48,0.1,5,0.37015827,0.62984173
9,9,100,0.1,0.7,0.7,48,1,5,0.37018635,0.62981365
3,3,100,0.1,0.9,0.9,144,0.01,5,0.370245765,0.629754235
3,3,100,0.1,0.9,0.9,144,0.1,5,0.370246231,0.629753769
3,3,100,0.1,0.9,0.9,16,1,5,0.37042819,0.62957181
5,5,100,0.1,0.9,0.9,112,0.01,5,0.37043493,0.62956507
3,3,100,0.1,0.9,0.9,16,0.1,5,0.370442688,0.629557312
3,3,100,0.1,0.9,0.9,48,1,5,0.370444542,0.629555458
3,3,100,0.1,0.9,0.9,80,0.1,5,0.370448054,0.629551946
5,5,100,0.1,0.9,0.9,112,0.1,5,0.370452276,0.629547724
3,3,100,0.1,0.9,0.9,80,0.01,5,0.370459714,0.629540286
3,3,100,0.1,0.9,0.9,48,0.1,5,0.370459891,0.629540109
3,3,100,0.1,0.9,0.9,16,0.01,5,0.370469124,0.629530876
3,3,100,0.1,0.9,0.9,48,0.01,5,0.370472126,0.629527874
3,3,100,0.1,0.9,0.9,80,1,5,0.370481219,0.629518781
5,5,100,0.1,0.9,0.9,112,1,5,0.37050203,0.62949797
5,5,100,0.1,0.7,0.7,80,0.1,5,0.370506105,0.629493895
5,5,100,0.1,0.7,0.7,80,0.01,5,0.370506599,0.629493401
7,7,100,0.1,0.9,0.9,112,0.1,5,0.370517592,0.629482408
7,7,100,0.1,0.9,0.9,112,0.01,5,0.370525507,0.629474493
5,5,100,0.1,0.7,0.7,80,1,5,0.370529856,0.629470144
7,7,100,0.1,0.9,0.9,112,1,5,0.370545423,0.629454577
7,7,100,0.1,0.7,0.7,80,0.01,5,0.370551451,0.629448549
7,7,100,0.1,0.7,0.7,80,0.1,5,0.370557691,0.629442309
9,9,100,0.1,0.9,0.9,112,0.1,5,0.37059886,0.62940114
9,9,100,0.1,0.9,0.9,112,0.01,5,0.370602122,0.629397878
9,9,100,0.1,0.7,0.7,80,0.01,5,0.37060596,0.62939404
7,7,100,0.1,0.7,0.7,80,1,5,0.370611802,0.629388198
9,9,100,0.1,0.9,0.9,112,1,5,0.370616884,0.629383116
9,9,100,0.1,0.7,0.7,80,0.1,5,0.370619585,0.629380415
7,7,100,0.1,0.5,0.5,16,0.01,5,0.370654228,0.629345772
7,7,100,0.1,0.5,0.5,16,0.1,5,0.370682516,0.629317484
9,9,100,0.1,0.7,0.7,80,1,5,0.370698501,0.629301499
3,3,100,0.1,0.9,0.9,112,1,5,0.370765414,0.629234586
5,5,100,0.1,0.5,0.5,16,1,5,0.370824379,0.629175621
7,7,100,0.1,0.5,0.5,16,1,5,0.370828999,0.629171001
5,5,100,0.1,0.5,0.5,16,0.01,5,0.370829299,0.629170701
9,9,100,0.1,0.5,0.5,16,0.1,5,0.370830584,0.629169416
3,3,100,0.1,0.7,0.7,48,1,5,0.370838999,0.629161001
3,3,100,0.1,0.7,0.7,48,0.01,5,0.370858315,0.629141685
9,9,100,0.1,0.5,0.5,16,0.01,5,0.370862009,0.629137991
7,7,100,0.1,0.5,0.5,48,0.01,5,0.370865237,0.629134763
5,5,100,0.1,0.5,0.5,48,1,5,0.370866808,0.629133192
5,5,100,0.1,0.5,0.5,16,0.1,5,0.370873875,0.629126125
7,7,100,0.1,0.5,0.5,48,0.1,5,0.370874121,0.629125879
9,9,100,0.1,0.5,0.5,16,1,5,0.370891945,0.629108055
5,5,100,0.1,0.5,0.5,48,0.1,5,0.37092465,0.62907535
5,5,100,0.1,0.5,0.5,48,0.01,5,0.370929879,0.629070121
3,3,100,0.1,0.7,0.7,16,1,5,0.370956841,0.629043159
7,7,100,0.1,0.5,0.5,48,1,5,0.370975525,0.629024475
3,3,100,0.1,0.7,0.7,80,0.01,5,0.370979057,0.629020943
3,3,100,0.1,0.7,0.7,80,0.1,5,0.370983746,0.629016254
3,3,100,0.1,0.7,0.7,80,1,5,0.37100262,0.62899738
3,3,100,0.1,0.7,0.7,16,0.1,5,0.371007203,0.628992797
3,3,100,0.1,0.7,0.7,16,0.01,5,0.37101127,0.62898873
9,9,100,0.1,0.5,0.5,48,0.01,5,0.371024564,0.628975436
9,9,100,0.1,0.5,0.5,48,0.1,5,0.371027047,0.628972953
5,5,100,0.1,0.9,0.9,144,0.01,5,0.371027554,0.628972446
5,5,100,0.1,0.9,0.9,144,0.1,5,0.371033171,0.628966829
3,3,100,0.1,0.9,0.9,144,1,5,0.371038255,0.628961745
7,7,100,0.1,0.9,0.9,144,0.01,5,0.371066532,0.628933468
7,7,100,0.1,0.9,0.9,144,0.1,5,0.371070438,0.628929562
5,5,100,0.1,0.9,0.9,144,1,5,0.371077324,0.628922676
7,7,100,0.1,0.9,0.9,144,1,5,0.371078932,0.628921068
9,9,100,0.1,0.5,0.5,48,1,5,0.371079073,0.628920927
5,5,100,0.1,0.7,0.7,112,1,5,0.371089799,0.628910201
9,9,100,0.1,0.9,0.9,144,0.1,5,0.371095424,0.628904576
9,9,100,0.1,0.9,0.9,144,0.01,5,0.37111013,0.62888987
5,5,100,0.1,0.7,0.7,112,0.01,5,0.371112578,0.628887422
5,5,100,0.1,0.7,0.7,112,0.1,5,0.371114556,0.628885444
9,9,100,0.1,0.9,0.9,144,1,5,0.371114946,0.628885054
3,3,100,0.1,0.7,0.7,112,0.01,5,0.37113573,0.62886427
7,7,100,0.1,0.7,0.7,112,1,5,0.371142132,0.628857868
7,7,100,0.1,0.7,0.7,112,0.1,5,0.371142484,0.628857516
3,3,100,0.1,0.7,0.7,112,0.1,5,0.371145091,0.628854909
7,7,100,0.1,0.7,0.7,112,0.01,5,0.371147893,0.628852107
9,9,100,0.1,0.7,0.7,112,0.01,5,0.371178199,0.628821801
9,9,100,0.1,0.7,0.7,112,0.1,5,0.371182594,0.628817406
3,3,100,0.1,0.7,0.7,112,1,5,0.371208691,0.628791309
3,3,100,0.1,0.5,0.5,48,0.01,5,0.371220966,0.628779034
9,9,100,0.1,0.7,0.7,112,1,5,0.371221542,0.628778458
3,3,100,0.1,0.5,0.5,48,0.1,5,0.371239154,0.628760846
3,3,100,0.1,0.5,0.5,48,1,5,0.371290793,0.628709207
5,5,100,0.1,0.5,0.5,80,1,5,0.371305006,0.628694994
3,3,100,0.1,0.5,0.5,80,0.01,5,0.371338877,0.628661123
7,7,100,0.1,0.5,0.5,80,0.01,5,0.371339054,0.628660946
7,7,100,0.1,0.5,0.5,80,0.1,5,0.371345101,0.628654899
3,3,100,0.1,0.5,0.5,80,0.1,5,0.371348785,0.628651215
5,5,100,0.1,0.5,0.5,80,0.1,5,0.371353156,0.628646844
5,5,100,0.1,0.5,0.5,80,0.01,5,0.37135352,0.62864648
3,3,100,0.1,0.5,0.5,80,1,5,0.371393184,0.628606816
7,7,100,0.1,0.5,0.5,80,1,5,0.371393486,0.628606514
9,9,100,0.1,0.5,0.5,80,0.1,5,0.371429212,0.628570788
7,7,200,0.05,0.9,0.9,16,0.01,5,0.371430635,0.628569365
7,7,200,0.05,0.9,0.9,16,0.1,5,0.371445044,0.628554956
9,9,100,0.1,0.5,0.5,80,0.01,5,0.3714461,0.6285539
9,9,100,0.1,0.5,0.5,80,1,5,0.371477409,0.628522591
3,3,100,0.1,0.5,0.5,16,0.01,5,0.371483951,0.628516049
7,7,200,0.05,0.9,0.9,16,1,5,0.371495547,0.628504453
3,3,100,0.1,0.5,0.5,16,0.1,5,0.371497763,0.628502237
5,5,200,0.05,0.9,0.9,48,0.01,5,0.371528488,0.628471512
5,5,200,0.05,0.9,0.9,16,0.01,5,0.371530275,0.628469725
5,5,200,0.05,0.9,0.9,48,0.1,5,0.371541363,0.628458637
9,9,200,0.05,0.9,0.9,16,0.1,5,0.371553819,0.628446181
5,5,200,0.05,0.9,0.9,16,0.1,5,0.371557878,0.628442122
3,3,100,0.1,0.5,0.5,16,1,5,0.371565466,0.628434534
9,9,200,0.05,0.9,0.9,16,0.01,5,0.37157169,0.62842831
5,5,200,0.05,0.9,0.9,16,1,5,0.371581523,0.628418477
5,5,200,0.05,0.9,0.9,48,1,5,0.371614109,0.628385891
7,7,200,0.05,0.9,0.9,48,0.1,5,0.371617475,0.628382525
9,9,200,0.05,0.9,0.9,16,1,5,0.371619073,0.628380927
7,7,200,0.05,0.9,0.9,48,0.01,5,0.371621643,0.628378357
7,7,200,0.05,0.9,0.9,48,1,5,0.371659481,0.628340519
9,9,200,0.05,0.9,0.9,48,0.01,5,0.37169751,0.62830249
9,9,200,0.05,0.9,0.9,48,0.1,5,0.371705831,0.628294169
9,9,200,0.05,0.9,0.9,48,1,5,0.371763884,0.628236116
5,5,100,0.1,0.5,0.5,112,1,5,0.371823246,0.628176754
3,3,100,0.1,0.5,0.5,112,0.01,5,0.371825794,0.628174206
5,5,100,0.1,0.5,0.5,112,0.01,5,0.371829868,0.628170132
5,5,100,0.1,0.5,0.5,112,0.1,5,0.371832369,0.628167631
3,3,100,0.1,0.7,0.7,144,0.01,5,0.371835775,0.628164225
3,3,100,0.1,0.7,0.7,144,0.1,5,0.37183911,0.62816089
3,3,100,0.1,0.5,0.5,112,1,5,0.371845958,0.628154042
7,7,100,0.1,0.5,0.5,112,0.01,5,0.371865185,0.628134815
7,7,100,0.1,0.5,0.5,112,0.1,5,0.371872291,0.628127709
5,5,100,0.1,0.7,0.7,144,1,5,0.371883857,0.628116143
5,5,100,0.1,0.7,0.7,144,0.01,5,0.37188645,0.62811355
5,5,100,0.1,0.7,0.7,144,0.1,5,0.371889058,0.628110942
5,5,200,0.05,0.9,0.9,80,0.01,5,0.371897553,0.628102447
5,5,200,0.05,0.9,0.9,80,0.1,5,0.371907161,0.628092839
3,3,100,0.1,0.7,0.7,144,1,5,0.371914562,0.628085438
7,7,100,0.1,0.7,0.7,144,0.01,5,0.371919104,0.628080896
7,7,100,0.1,0.5,0.5,112,1,5,0.371921858,0.628078142
7,7,100,0.1,0.7,0.7,144,0.1,5,0.371922391,0.628077609
9,9,100,0.1,0.7,0.7,144,0.01,5,0.371927534,0.628072466
9,9,100,0.1,0.7,0.7,144,0.1,5,0.371928972,0.628071028
7,7,100,0.1,0.7,0.7,144,1,5,0.371938533,0.628061467
9,9,100,0.1,0.5,0.5,112,0.1,5,0.371942661,0.628057339
9,9,100,0.1,0.7,0.7,144,1,5,0.371942968,0.628057032
5,5,200,0.05,0.9,0.9,80,1,5,0.371951415,0.628048585
3,3,100,0.1,0.7,0.7,48,0.1,5,0.371951984,0.628048016
9,9,100,0.1,0.5,0.5,112,0.01,5,0.371952403,0.628047597
9,9,100,0.1,0.5,0.5,112,1,5,0.371960904,0.628039096
7,7,200,0.05,0.9,0.9,80,0.1,5,0.371969978,0.628030022
7,7,200,0.05,0.9,0.9,80,0.01,5,0.371970083,0.628029917
7,7,200,0.05,0.7,0.7,16,0.01,5,0.371999348,0.628000652
7,7,200,0.05,0.7,0.7,16,1,5,0.372004947,0.627995053
7,7,200,0.05,0.7,0.7,16,0.1,5,0.37201486,0.62798514
7,7,200,0.05,0.9,0.9,80,1,5,0.37201751,0.62798249
5,5,200,0.05,0.7,0.7,16,0.01,5,0.372036761,0.627963239
9,9,200,0.05,0.7,0.7,16,0.01,5,0.372040995,0.627959005
5,5,200,0.05,0.7,0.7,16,0.1,5,0.372044367,0.627955633
9,9,200,0.05,0.9,0.9,80,0.01,5,0.372045103,0.627954897
9,9,200,0.05,0.7,0.7,16,0.1,5,0.372045548,0.627954452
9,9,200,0.05,0.9,0.9,80,0.1,5,0.372048952,0.627951048
5,5,200,0.05,0.7,0.7,16,1,5,0.372066527,0.627933473
9,9,200,0.05,0.7,0.7,16,1,5,0.372081871,0.627918129
9,9,200,0.05,0.9,0.9,80,1,5,0.372092199,0.627907801
5,5,200,0.05,0.7,0.7,48,0.01,5,0.372109122,0.627890878
5,5,200,0.05,0.7,0.7,48,0.1,5,0.372115606,0.627884394
7,7,200,0.05,0.7,0.7,48,1,5,0.372125221,0.627874779
7,7,200,0.05,0.7,0.7,48,0.1,5,0.372126141,0.627873859
5,5,200,0.05,0.7,0.7,48,1,5,0.372131581,0.627868419
7,7,200,0.05,0.7,0.7,48,0.01,5,0.372132917,0.627867083
9,9,200,0.05,0.7,0.7,48,0.01,5,0.372169265,0.627830735
9,9,200,0.05,0.7,0.7,48,0.1,5,0.372172362,0.627827638
9,9,200,0.05,0.7,0.7,48,1,5,0.372200916,0.627799084
3,3,100,0.1,0.5,0.5,144,0.01,5,0.372237585,0.627762415
3,3,100,0.1,0.5,0.5,144,0.1,5,0.372240764,0.627759236
5,5,100,0.1,0.5,0.5,144,0.01,5,0.372251368,0.627748632
5,5,100,0.1,0.5,0.5,144,0.1,5,0.372256037,0.627743963
5,5,200,0.05,0.9,0.9,112,0.01,5,0.372261467,0.627738533
3,3,100,0.1,0.5,0.5,144,1,5,0.372266454,0.627733546
5,5,200,0.05,0.9,0.9,112,0.1,5,0.372267485,0.627732515
5,5,100,0.1,0.5,0.5,144,1,5,0.372275862,0.627724138
5,5,200,0.05,0.9,0.9,112,1,5,0.372277933,0.627722067
7,7,200,0.05,0.9,0.9,112,0.01,5,0.372291519,0.627708481
7,7,200,0.05,0.9,0.9,112,0.1,5,0.372291773,0.627708227
7,7,200,0.05,0.9,0.9,112,1,5,0.372312659,0.627687341
7,7,100,0.1,0.5,0.5,144,0.01,5,0.372317668,0.627682332
7,7,100,0.1,0.5,0.5,144,0.1,5,0.372319005,0.627680995
3,3,200,0.05,0.9,0.9,16,1,5,0.372324403,0.627675597
7,7,200,0.05,0.5,0.5,16,0.1,5,0.372325143,0.627674857
9,9,100,0.1,0.5,0.5,144,1,5,0.372326871,0.627673129
7,7,200,0.05,0.5,0.5,16,0.01,5,0.372327971,0.627672029
9,9,100,0.1,0.5,0.5,144,0.1,5,0.37233051,0.62766949
9,9,200,0.05,0.9,0.9,112,0.01,5,0.372335372,0.627664628
9,9,200,0.05,0.9,0.9,112,0.1,5,0.37233849,0.62766151
3,3,200,0.05,0.9,0.9,80,0.1,5,0.37233913,0.62766087
9,9,100,0.1,0.5,0.5,144,0.01,5,0.372340752,0.627659248
7,7,100,0.1,0.5,0.5,144,1,5,0.372342098,0.627657902
3,3,200,0.05,0.9,0.9,80,0.01,5,0.372343335,0.627656665
3,3,200,0.05,0.9,0.9,80,1,5,0.372343437,0.627656563
3,3,200,0.05,0.9,0.9,16,0.1,5,0.372345995,0.627654005
3,3,200,0.05,0.9,0.9,48,1,5,0.372347609,0.627652391
5,5,200,0.05,0.5,0.5,16,0.01,5,0.372351291,0.627648709
3,3,200,0.05,0.9,0.9,16,0.01,5,0.372351689,0.627648311
9,9,200,0.05,0.9,0.9,112,1,5,0.372352865,0.627647135
3,3,200,0.05,0.9,0.9,48,0.1,5,0.372363637,0.627636363
5,5,200,0.05,0.5,0.5,16,0.1,5,0.372364206,0.627635794
3,3,200,0.05,0.9,0.9,48,0.01,5,0.372370043,0.627629957
5,5,200,0.05,0.7,0.7,80,0.01,5,0.372371685,0.627628315
7,7,200,0.05,0.5,0.5,16,1,5,0.372377104,0.627622896
5,5,200,0.05,0.5,0.5,16,1,5,0.372380332,0.627619668
5,5,200,0.05,0.7,0.7,80,0.1,5,0.372380355,0.627619645
9,9,200,0.05,0.5,0.5,16,0.1,5,0.372387357,0.627612643
5,5,200,0.05,0.7,0.7,80,1,5,0.372397264,0.627602736
9,9,200,0.05,0.5,0.5,16,0.01,5,0.372402754,0.627597246
7,7,200,0.05,0.7,0.7,80,0.1,5,0.372417223,0.627582777
7,7,200,0.05,0.7,0.7,80,0.01,5,0.372417603,0.627582397
9,9,200,0.05,0.7,0.7,80,0.01,5,0.372431225,0.627568775
9,9,200,0.05,0.7,0.7,80,0.1,5,0.372435078,0.627564922
7,7,200,0.05,0.7,0.7,80,1,5,0.372438727,0.627561273
5,5,200,0.05,0.5,0.5,48,0.1,5,0.372443885,0.627556115
3,3,200,0.05,0.9,0.9,112,0.1,5,0.372447258,0.627552742
3,3,200,0.05,0.9,0.9,112,0.01,5,0.372450277,0.627549723
9,9,200,0.05,0.5,0.5,16,1,5,0.372452051,0.627547949
5,5,200,0.05,0.5,0.5,48,0.01,5,0.37245218,0.62754782
3,3,200,0.05,0.9,0.9,112,1,5,0.372452486,0.627547514
7,7,200,0.05,0.5,0.5,48,0.01,5,0.372452604,0.627547396
5,5,200,0.05,0.5,0.5,48,1,5,0.372453168,0.627546832
7,7,200,0.05,0.5,0.5,48,0.1,5,0.372458631,0.627541369
9,9,200,0.05,0.7,0.7,80,1,5,0.372483869,0.627516131
7,7,200,0.05,0.5,0.5,48,1,5,0.372504938,0.627495062
3,3,200,0.05,0.7,0.7,48,0.01,5,0.372525084,0.627474916
3,3,200,0.05,0.7,0.7,48,0.1,5,0.372526705,0.627473295
9,9,200,0.05,0.5,0.5,48,0.01,5,0.372538056,0.627461944
9,9,200,0.05,0.5,0.5,48,0.1,5,0.372542016,0.627457984
3,3,200,0.05,0.7,0.7,48,1,5,0.372543992,0.627456008
3,3,200,0.05,0.7,0.7,16,0.1,5,0.372560117,0.627439883
3,3,200,0.05,0.7,0.7,16,0.01,5,0.372560529,0.627439471
3,3,200,0.05,0.7,0.7,16,1,5,0.372565813,0.627434187
9,9,200,0.05,0.5,0.5,48,1,5,0.372566012,0.627433988
3,3,200,0.05,0.9,0.9,144,0.01,5,0.372592752,0.627407248
3,3,200,0.05,0.9,0.9,144,0.1,5,0.372593939,0.627406061
5,5,200,0.05,0.9,0.9,144,0.01,5,0.372596512,0.627403488
3,3,200,0.05,0.9,0.9,144,1,5,0.372597254,0.627402746
3,3,200,0.05,0.7,0.7,80,0.01,5,0.372597724,0.627402276
5,5,200,0.05,0.9,0.9,144,0.1,5,0.372598721,0.627401279
3,3,200,0.05,0.7,0.7,80,0.1,5,0.372599662,0.627400338
7,7,200,0.05,0.9,0.9,144,0.01,5,0.372600458,0.627399542
7,7,200,0.05,0.9,0.9,144,0.1,5,0.372601786,0.627398214
5,5,200,0.05,0.9,0.9,144,1,5,0.372609646,0.627390354
3,3,200,0.05,0.5,0.5,48,0.01,5,0.372612614,0.627387386
3,3,200,0.05,0.7,0.7,80,1,5,0.372616183,0.627383817
3,3,200,0.05,0.5,0.5,48,0.1,5,0.372616757,0.627383243
7,7,200,0.05,0.9,0.9,144,1,5,0.372619753,0.627380247
9,9,200,0.05,0.9,0.9,144,0.1,5,0.372639195,0.627360805
9,9,200,0.05,0.9,0.9,144,0.01,5,0.372642322,0.627357678
3,3,200,0.05,0.5,0.5,48,1,5,0.372649433,0.627350567
9,9,200,0.05,0.9,0.9,144,1,5,0.372654941,0.627345059
5,5,200,0.05,0.7,0.7,112,1,5,0.372678996,0.627321004
5,5,200,0.05,0.7,0.7,112,0.01,5,0.372681363,0.627318637
5,5,200,0.05,0.7,0.7,112,0.1,5,0.372687714,0.627312286
7,7,200,0.05,0.7,0.7,112,0.1,5,0.372688527,0.627311473
7,7,200,0.05,0.7,0.7,112,0.01,5,0.372688825,0.627311175
3,3,200,0.05,0.7,0.7,112,0.1,5,0.372689925,0.627310075
3,3,200,0.05,0.7,0.7,112,0.01,5,0.372690691,0.627309309
7,7,200,0.05,0.7,0.7,112,1,5,0.372694505,0.627305495
9,9,200,0.05,0.7,0.7,112,0.1,5,0.37270555,0.62729445
9,9,200,0.05,0.7,0.7,112,0.01,5,0.372706519,0.627293481
3,3,200,0.05,0.7,0.7,112,1,5,0.372711726,0.627288274
3,3,200,0.05,0.5,0.5,80,0.01,5,0.372719932,0.627280068
9,9,200,0.05,0.7,0.7,112,1,5,0.372723731,0.627276269
3,3,200,0.05,0.5,0.5,80,0.1,5,0.372724108,0.627275892
5,5,200,0.05,0.5,0.5,80,0.1,5,0.372739999,0.627260001
5,5,200,0.05,0.5,0.5,80,0.01,5,0.372740976,0.627259024
3,3,200,0.05,0.5,0.5,80,1,5,0.37275179,0.62724821
5,5,200,0.05,0.5,0.5,80,1,5,0.372753215,0.627246785
3,3,200,0.05,0.5,0.5,16,0.01,5,0.372754429,0.627245571
7,7,200,0.05,0.5,0.5,80,0.01,5,0.372758084,0.627241916
7,7,200,0.05,0.5,0.5,80,0.1,5,0.372761606,0.627238394
3,3,200,0.05,0.5,0.5,16,0.1,5,0.372763952,0.627236048
3,3,200,0.05,0.5,0.5,16,1,5,0.372772843,0.627227157
7,7,200,0.05,0.5,0.5,80,1,5,0.37277598,0.62722402
9,9,200,0.05,0.5,0.5,80,0.01,5,0.372806687,0.627193313
9,9,200,0.05,0.5,0.5,80,0.1,5,0.372807283,0.627192717
9,9,200,0.05,0.5,0.5,80,1,5,0.372824652,0.627175348
3,3,100,0.1,0.5,0.5,112,0.1,5,0.372928492,0.627071508
3,3,200,0.05,0.5,0.5,112,0.01,5,0.372990648,0.627009352
3,3,200,0.05,0.7,0.7,144,0.01,5,0.372991846,0.627008154
3,3,200,0.05,0.7,0.7,144,0.1,5,0.372992607,0.627007393
3,3,200,0.05,0.5,0.5,112,0.1,5,0.372995025,0.627004975
5,5,200,0.05,0.7,0.7,144,0.01,5,0.373001705,0.626998295
3,3,200,0.05,0.5,0.5,112,1,5,0.373005535,0.626994465
5,5,200,0.05,0.7,0.7,144,0.1,5,0.373005631,0.626994369
5,5,200,0.05,0.5,0.5,112,0.01,5,0.37300766,0.62699234
5,5,200,0.05,0.5,0.5,112,0.1,5,0.373007712,0.626992288
5,5,200,0.05,0.7,0.7,144,1,5,0.37300831,0.62699169
5,5,200,0.05,0.5,0.5,112,1,5,0.373012253,0.626987747
3,3,200,0.05,0.7,0.7,144,1,5,0.373015701,0.626984299
7,7,200,0.05,0.7,0.7,144,0.01,5,0.373016312,0.626983688
7,7,200,0.05,0.7,0.7,144,0.1,5,0.373018662,0.626981338
7,7,200,0.05,0.5,0.5,112,0.01,5,0.373022439,0.626977561
7,7,200,0.05,0.5,0.5,112,0.1,5,0.373026003,0.626973997
9,9,200,0.05,0.7,0.7,144,0.01,5,0.373030193,0.626969807
9,9,200,0.05,0.7,0.7,144,0.1,5,0.373031641,0.626968359
7,7,200,0.05,0.7,0.7,144,1,5,0.373034349,0.626965651
9,9,200,0.05,0.7,0.7,144,1,5,0.373041313,0.626958687
7,7,200,0.05,0.5,0.5,112,1,5,0.373047469,0.626952531
9,9,200,0.05,0.5,0.5,112,0.1,5,0.373059161,0.626940839
9,9,200,0.05,0.5,0.5,112,0.01,5,0.373064709,0.626935291
9,9,200,0.05,0.5,0.5,112,1,5,0.37306965,0.62693035
3,3,200,0.05,0.5,0.5,144,0.01,5,0.373200871,0.626799129
3,3,200,0.05,0.5,0.5,144,0.1,5,0.373203044,0.626796956
3,3,200,0.05,0.5,0.5,144,1,5,0.373219163,0.626780837
5,5,200,0.05,0.5,0.5,144,0.01,5,0.373221305,0.626778695
5,5,200,0.05,0.5,0.5,144,0.1,5,0.373223556,0.626776444
5,5,200,0.05,0.5,0.5,144,1,5,0.373233423,0.626766577
7,7,200,0.05,0.5,0.5,144,0.01,5,0.373242537,0.626757463
7,7,200,0.05,0.5,0.5,144,0.1,5,0.373243815,0.626756185
9,9,200,0.05,0.5,0.5,144,0.1,5,0.37325891,0.62674109
7,7,200,0.05,0.5,0.5,144,1,5,0.373259773,0.626740227
9,9,200,0.05,0.5,0.5,144,1,5,0.373261589,0.626738411
9,9,200,0.05,0.5,0.5,144,0.01,5,0.373263526,0.626736474
