max_depth_LGB,min_child_samples_LGB,num_leaves_LGB,num_iterations_LGB,learning_rate_LGB,penalty_逻辑回归,subsample_LGB,colsample_bytree_LGB,reg_lambda_LGB,max_bin_LGB,reg_alpha_LGB,C_逻辑回归,degree,mse,r2,mse_y,auc_t
9,64,64,100,0.2,l1,0.7,0.7,1,16,0.1,1,10,0.088084,0.911916,1.095515216,0.513925627
9,64,64,100,0.2,l2,0.7,0.7,1,16,0.1,1,10,0.088824407,0.911175593,1.095515216,0.506313556
9,64,64,200,0.1,l1,0.7,0.7,1,16,0.01,0.1,10,0.08900514,0.91099486,1.089773346,0.5
9,64,64,100,0.2,l1,0.7,0.7,7,112,0.01,0.1,10,0.08994451,0.91005549,1.076689436,0.5
9,64,64,200,0.1,l2,0.7,0.7,1,16,0.01,0.1,10,0.090109694,0.909890306,1.089773346,0.50672502
9,64,64,100,0.2,l2,0.7,0.7,7,112,0.01,0.1,10,0.091977259,0.908022741,1.076689436,0.50672502
9,64,64,100,0.2,l1,0.5,0.5,3,48,0.01,0.1,10,0.09257402,0.90742598,1.104444293,0.5
9,64,64,200,0.1,l1,0.7,0.7,1,16,0.1,1,10,0.094859761,0.905140239,1.094398358,0.513925627
9,64,64,100,0.2,l2,0.5,0.5,3,48,0.01,0.1,10,0.094925609,0.905074391,1.104444293,0.50672502
9,64,64,100,0.2,l1,0.5,0.5,3,48,1,10,10,0.095542382,0.904457618,1.102390181,0.507590696
9,64,64,100,0.2,l2,0.5,0.5,3,48,1,10,10,0.095621946,0.904378054,1.102390181,0.506254776
9,64,64,200,0.1,l2,0.7,0.7,1,16,0.1,1,10,0.09571998,0.90428002,1.094398358,0.506313556
7,32,32,100,0.2,l1,0.5,0.5,3,48,0.01,0.1,10,0.096239159,0.903760841,1.089047773,0.5
7,32,32,100,0.2,l1,0.9,0.9,1,16,0.01,0.1,10,0.0965203,0.9034797,1.09127365,0.5
9,64,64,200,0.1,l1,0.9,0.9,7,112,0.1,1,10,0.096593719,0.903406281,1.090448181,0.513925627
9,64,64,200,0.1,l1,0.9,0.9,1,16,1,10,10,0.097075439,0.902924561,1.095444492,0.507590696
9,64,64,200,0.1,l2,0.9,0.9,1,16,1,10,10,0.097151526,0.902848474,1.095444492,0.506254776
7,32,32,100,0.2,l1,0.5,0.5,9,144,0.01,0.1,10,0.097625063,0.902374937,1.080101081,0.5
9,64,64,200,0.1,l2,0.9,0.9,7,112,0.1,1,10,0.097856923,0.902143077,1.090448181,0.506313556
7,32,32,100,0.2,l1,0.9,0.9,7,112,0.01,0.1,10,0.097920717,0.902079283,1.073570785,0.5
7,32,32,200,0.1,l1,0.9,0.9,7,112,0.01,0.1,10,0.097921925,0.902078075,1.069588204,0.5
7,32,32,100,0.2,l1,0.5,0.5,7,112,1,10,10,0.098219733,0.901780267,1.073930741,0.507590696
9,64,64,100,0.2,l1,0.5,0.5,5,80,0.01,0.1,10,0.098231452,0.901768548,1.094406926,0.5
9,64,64,200,0.1,l1,0.9,0.9,7,112,0.01,0.1,10,0.098286878,0.901713122,1.091435272,0.5
7,32,32,200,0.1,l1,0.5,0.5,1,16,0.01,0.1,10,0.098290137,0.901709863,1.072543297,0.5
7,32,32,100,0.2,l1,0.7,0.7,1,16,0.01,0.1,10,0.098319453,0.901680547,1.083277596,0.5
7,32,32,100,0.2,l2,0.5,0.5,7,112,1,10,10,0.098330222,0.901669778,1.073930741,0.506254776
9,64,64,100,0.2,l1,0.5,0.5,3,48,0.1,1,10,0.098528969,0.901471031,1.101631995,0.513925627
9,64,64,200,0.1,l1,0.9,0.9,9,144,0.01,0.1,10,0.098762538,0.901237462,1.093801719,0.5
9,64,64,100,0.2,l1,0.5,0.5,7,112,0.1,1,10,0.09878947,0.90121053,1.09759241,0.513925627
7,32,32,100,0.2,l1,0.5,0.5,7,112,0.01,0.1,10,0.09882368,0.90117632,1.079436079,0.5
9,64,64,200,0.1,l1,0.5,0.5,7,112,0.1,1,10,0.098929156,0.901070844,1.084896773,0.513925627
9,64,64,100,0.2,l1,0.7,0.7,3,48,0.01,0.1,10,0.098946779,0.901053221,1.103444042,0.5
9,64,64,100,0.2,l1,0.7,0.7,7,112,0.1,1,10,0.098967291,0.901032709,1.086639957,0.513925627
9,64,64,200,0.1,l1,0.5,0.5,7,112,0.01,0.1,10,0.099340275,0.900659725,1.085546469,0.5
7,32,32,200,0.1,l1,0.9,0.9,1,16,0.1,1,10,0.099483002,0.900516998,1.078299913,0.513925627
9,64,64,100,0.2,l1,0.5,0.5,7,112,0.01,0.1,10,0.099487366,0.900512634,1.083867623,0.5
9,64,64,100,0.2,l2,0.5,0.5,3,48,0.1,1,10,0.099580767,0.900419233,1.101631995,0.506313556
7,32,32,200,0.1,l1,0.9,0.9,3,48,0.01,0.1,10,0.099610002,0.900389998,1.078529654,0.5
9,64,64,100,0.2,l1,0.9,0.9,7,112,0.01,0.1,10,0.09962348,0.90037652,1.089163613,0.5
9,64,64,200,0.1,l2,0.9,0.9,7,112,0.01,0.1,10,0.099783975,0.900216025,1.091435272,0.50672502
9,64,64,100,0.2,l2,0.5,0.5,7,112,0.1,1,10,0.099863413,0.900136587,1.09759241,0.506313556
7,32,32,100,0.2,l2,0.5,0.5,3,48,0.01,0.1,10,0.099993767,0.900006233,1.089047773,0.50672502
9,64,64,200,0.1,l1,0.7,0.7,7,112,0.01,0.1,10,0.10002234,0.89997766,1.081017404,0.5
9,64,64,100,0.2,l2,0.7,0.7,7,112,0.1,1,10,0.10003187,0.89996813,1.086639957,0.506313556
7,32,32,100,0.2,l2,0.9,0.9,1,16,0.01,0.1,10,0.100052519,0.899947481,1.09127365,0.50672502
7,32,32,200,0.1,l2,0.9,0.9,1,16,0.1,1,10,0.10006605,0.89993395,1.078299913,0.506313556
9,64,64,200,0.1,l2,0.5,0.5,7,112,0.1,1,10,0.100076969,0.899923031,1.084896773,0.506313556
9,64,64,100,0.2,l1,0.7,0.7,1,16,1,10,10,0.100226253,0.899773747,1.093575389,0.507590696
7,32,32,200,0.1,l2,0.9,0.9,3,48,0.01,0.1,10,0.100243173,0.899756827,1.078529654,0.50672502
7,32,32,200,0.1,l2,0.9,0.9,7,112,0.01,0.1,10,0.100333215,0.899666785,1.069588204,0.50672502
9,64,64,100,0.2,l2,0.7,0.7,1,16,1,10,10,0.100336157,0.899663843,1.093575389,0.506254776
9,64,64,200,0.1,l2,0.9,0.9,9,144,0.01,0.1,10,0.100587941,0.899412059,1.093801719,0.50672502
7,32,32,200,0.1,l2,0.5,0.5,1,16,0.01,0.1,10,0.100615073,0.899384927,1.072543297,0.50672502
9,64,64,200,0.1,l1,0.7,0.7,7,112,0.1,1,10,0.100700876,0.899299124,1.080647561,0.513925627
7,32,32,200,0.1,l1,0.7,0.7,1,16,0.1,1,10,0.100733101,0.899266899,1.078153959,0.513925627
9,64,64,100,0.2,l1,0.9,0.9,9,144,0.01,0.1,10,0.100791166,0.899208834,1.102285232,0.5
7,32,32,200,0.1,l1,0.9,0.9,1,16,0.01,0.1,10,0.100814866,0.899185134,1.08215281,0.5
7,32,32,100,0.2,l2,0.7,0.7,1,16,0.01,0.1,10,0.100907757,0.899092243,1.083277596,0.50672502
7,32,32,200,0.1,l1,0.7,0.7,3,48,0.01,0.1,10,0.100939295,0.899060705,1.081428543,0.5
9,64,64,200,0.1,l1,0.9,0.9,1,16,0.01,0.1,10,0.101051549,0.898948451,1.100096139,0.5
7,32,32,200,0.1,l2,0.9,0.9,1,16,0.01,0.1,10,0.101102663,0.898897337,1.08215281,0.50672502
9,64,64,100,0.2,l2,0.5,0.5,5,80,0.01,0.1,10,0.101116156,0.898883844,1.094406926,0.50672502
7,32,32,100,0.2,l2,0.5,0.5,9,144,0.01,0.1,10,0.101146538,0.898853462,1.080101081,0.50672502
7,32,32,200,0.1,l1,0.9,0.9,1,16,1,10,10,0.101195892,0.898804108,1.078599137,0.507590696
9,64,64,200,0.1,l1,0.9,0.9,5,80,0.1,1,10,0.101243621,0.898756379,1.098810826,0.513925627
7,32,32,200,0.1,l2,0.9,0.9,1,16,1,10,10,0.101271625,0.898728375,1.078599137,0.506254776
7,32,32,100,0.2,l2,0.9,0.9,7,112,0.01,0.1,10,0.101274953,0.898725047,1.073570785,0.50672502
7,32,32,200,0.1,l1,0.9,0.9,7,112,0.1,1,10,0.101413146,0.898586854,1.073691105,0.513925627
7,32,32,200,0.1,l1,0.9,0.9,3,48,0.1,1,10,0.101496438,0.898503562,1.075803823,0.513925627
7,32,32,200,0.1,l2,0.7,0.7,1,16,0.1,1,10,0.101608732,0.898391268,1.078153959,0.506313556
9,64,64,200,0.1,l1,0.9,0.9,5,80,1,10,10,0.101646742,0.898353258,1.094651322,0.507590696
9,64,64,200,0.1,l2,0.9,0.9,5,80,1,10,10,0.101747746,0.898252254,1.094651322,0.506254776
7,32,32,100,0.2,l1,0.9,0.9,7,112,0.1,1,10,0.101774089,0.898225911,1.070036558,0.513925627
9,64,64,200,0.1,l1,0.7,0.7,5,80,1,10,10,0.101822674,0.898177326,1.090052415,0.507590696
9,64,64,200,0.1,l2,0.9,0.9,1,16,0.01,0.1,10,0.101837084,0.898162916,1.100096139,0.50672502
9,64,64,200,0.1,l2,0.7,0.7,7,112,0.1,1,10,0.101856082,0.898143918,1.080647561,0.506313556
7,32,32,100,0.2,l1,0.5,0.5,7,112,0.1,1,10,0.101919165,0.898080835,1.081440946,0.513925627
9,64,64,200,0.1,l2,0.7,0.7,5,80,1,10,10,0.101924374,0.898075626,1.090052415,0.506254776
7,32,32,100,0.2,l1,0.7,0.7,9,144,1,10,10,0.101975595,0.898024405,1.075986406,0.507590696
7,32,32,100,0.2,l2,0.5,0.5,7,112,0.01,0.1,10,0.102008917,0.897991083,1.079436079,0.50672502
7,32,32,100,0.2,l2,0.7,0.7,9,144,1,10,10,0.10205649,0.89794351,1.075986406,0.506254776
9,64,64,100,0.2,l2,0.7,0.7,3,48,0.01,0.1,10,0.102059959,0.897940041,1.103444042,0.50672502
9,64,64,200,0.1,l2,0.9,0.9,5,80,0.1,1,10,0.102161854,0.897838146,1.098810826,0.506313556
7,32,32,100,0.2,l1,0.7,0.7,7,112,0.01,0.1,10,0.102261579,0.897738421,1.073095879,0.5
7,32,32,200,0.1,l2,0.9,0.9,3,48,0.1,1,10,0.102288724,0.897711276,1.075803823,0.506313556
9,64,64,200,0.1,l2,0.5,0.5,7,112,0.01,0.1,10,0.102296801,0.897703199,1.085546469,0.50672502
7,32,32,200,0.1,l2,0.9,0.9,7,112,0.1,1,10,0.102307638,0.897692362,1.073691105,0.506313556
9,64,64,100,0.2,l1,0.9,0.9,3,48,0.01,0.1,10,0.102388967,0.897611033,1.108417155,0.5
7,32,32,100,0.2,l1,0.5,0.5,5,80,0.01,0.1,10,0.102424313,0.897575687,1.08206081,0.5
7,32,32,200,0.1,l1,0.7,0.7,3,48,1,10,10,0.102539929,0.897460071,1.07241305,0.507590696
9,64,64,200,0.1,l1,0.5,0.5,1,16,0.01,0.1,10,0.102588708,0.897411292,1.081917053,0.5
7,32,32,200,0.1,l2,0.7,0.7,3,48,1,10,10,0.102633438,0.897366562,1.07241305,0.506254776
7,32,32,100,0.2,l1,0.7,0.7,5,80,0.01,0.1,10,0.102732866,0.897267134,1.072942519,0.5
7,32,32,100,0.2,l1,0.7,0.7,1,16,1,10,10,0.102768604,0.897231396,1.076696251,0.507590696
9,64,64,100,0.2,l1,0.7,0.7,3,48,1,10,10,0.102770114,0.897229886,1.100063574,0.507590696
7,32,32,200,0.1,l1,0.5,0.5,3,48,1,10,10,0.102775434,0.897224566,1.080152391,0.507590696
7,32,32,100,0.2,l2,0.9,0.9,7,112,0.1,1,10,0.102805273,0.897194727,1.070036558,0.506313556
9,64,64,200,0.1,l1,0.9,0.9,5,80,0.01,0.1,10,0.102810059,0.897189941,1.103146595,0.5
9,64,64,100,0.2,l2,0.7,0.7,3,48,1,10,10,0.102865073,0.897134927,1.100063574,0.506254776
7,32,32,100,0.2,l2,0.7,0.7,1,16,1,10,10,0.10287066,0.89712934,1.076696251,0.506254776
7,32,32,100,0.2,l1,0.5,0.5,5,80,0.1,1,10,0.1028769,0.8971231,1.085697598,0.513925627
7,32,32,200,0.1,l2,0.5,0.5,3,48,1,10,10,0.102889512,0.897110488,1.080152391,0.506254776
9,64,64,100,0.2,l2,0.9,0.9,9,144,0.01,0.1,10,0.102897336,0.897102664,1.102285232,0.50672502
7,32,32,200,0.1,l1,0.5,0.5,1,16,0.1,1,10,0.102980981,0.897019019,1.075434624,0.513925627
7,32,32,200,0.1,l1,0.7,0.7,1,16,0.01,0.1,10,0.102981383,0.897018617,1.079546846,0.5
7,32,32,100,0.2,l2,0.5,0.5,7,112,0.1,1,10,0.103049958,0.896950042,1.081440946,0.506313556
9,64,64,100,0.2,l1,0.7,0.7,5,80,1,10,10,0.103119698,0.896880302,1.094095889,0.507590696
9,64,64,200,0.1,l1,0.7,0.7,9,144,0.01,0.1,10,0.10312938,0.89687062,1.083041542,0.5
9,64,64,100,0.2,l2,0.9,0.9,7,112,0.01,0.1,10,0.103135774,0.896864226,1.089163613,0.50672502
9,64,64,200,0.1,l1,0.9,0.9,7,112,1,10,10,0.10320653,0.89679347,1.087706619,0.507590696
9,64,64,100,0.2,l2,0.7,0.7,5,80,1,10,10,0.103227958,0.896772042,1.094095889,0.506254776
9,64,64,200,0.1,l2,0.9,0.9,7,112,1,10,10,0.1032808,0.8967192,1.087706619,0.506254776
7,32,32,200,0.1,l1,0.5,0.5,3,48,0.01,0.1,10,0.103306238,0.896693762,1.085379449,0.5
9,64,64,100,0.2,l2,0.5,0.5,7,112,0.01,0.1,10,0.103325056,0.896674944,1.083867623,0.50672502
9,64,64,200,0.1,l1,0.5,0.5,7,112,1,10,10,0.103341165,0.896658835,1.086443125,0.507590696
9,64,64,200,0.1,l2,0.7,0.7,7,112,0.01,0.1,10,0.103345378,0.896654622,1.081017404,0.50672502
9,64,64,200,0.1,l2,0.5,0.5,7,112,1,10,10,0.103449818,0.896550182,1.086443125,0.506254776
9,64,64,100,0.2,l1,0.5,0.5,7,112,1,10,10,0.103623914,0.896376086,1.08345861,0.507590696
7,32,32,100,0.2,l2,0.5,0.5,5,80,0.1,1,10,0.103628723,0.896371277,1.085697598,0.506313556
9,64,64,100,0.2,l1,0.7,0.7,7,112,1,10,10,0.103642716,0.896357284,1.082879343,0.507590696
9,64,64,200,0.1,l2,0.9,0.9,5,80,0.01,0.1,10,0.103723818,0.896276182,1.103146595,0.50672502
7,32,32,200,0.1,l2,0.7,0.7,1,16,0.01,0.1,10,0.103737829,0.896262171,1.079546846,0.50672502
9,64,64,100,0.2,l2,0.5,0.5,7,112,1,10,10,0.10374409,0.89625591,1.08345861,0.506254776
9,64,64,100,0.2,l2,0.7,0.7,7,112,1,10,10,0.103767867,0.896232133,1.082879343,0.506254776
7,32,32,100,0.2,l1,0.7,0.7,1,16,0.1,1,10,0.103786419,0.896213581,1.079228148,0.513925627
7,32,32,200,0.1,l2,0.5,0.5,1,16,0.1,1,10,0.103889112,0.896110888,1.075434624,0.506313556
7,32,32,200,0.1,l1,0.9,0.9,3,48,1,10,10,0.103931297,0.896068703,1.077473392,0.507590696
7,32,32,200,0.1,l2,0.9,0.9,3,48,1,10,10,0.104034826,0.895965174,1.077473392,0.506254776
9,64,64,100,0.2,l2,0.9,0.9,3,48,0.01,0.1,10,0.104049455,0.895950545,1.108417155,0.50672502
9,64,64,100,0.2,l1,0.9,0.9,1,16,1,10,10,0.104152643,0.895847357,1.098977301,0.507590696
9,64,64,100,0.2,l1,0.9,0.9,9,144,0.1,1,10,0.104181616,0.895818384,1.09366998,0.513925627
7,32,32,100,0.2,l1,0.7,0.7,3,48,0.01,0.1,10,0.104183963,0.895816037,1.075123992,0.5
9,64,64,100,0.2,l2,0.9,0.9,1,16,1,10,10,0.104203073,0.895796927,1.098977301,0.506254776
9,64,64,100,0.2,l1,0.7,0.7,5,80,0.01,0.1,10,0.104468135,0.895531865,1.099082006,0.5
7,32,32,100,0.2,l1,0.7,0.7,5,80,0.1,1,10,0.10448974,0.89551026,1.072603237,0.513925627
7,32,32,100,0.2,l2,0.7,0.7,1,16,0.1,1,10,0.10467967,0.89532033,1.079228148,0.506313556
7,32,32,100,0.2,l1,0.7,0.7,7,112,0.1,1,10,0.10469332,0.895306684,1.070909311,0.513925627
9,64,64,100,0.2,l1,0.9,0.9,1,16,0.01,0.1,10,0.104705051,0.895294949,1.093710816,0.5
7,32,32,100,0.2,l1,0.9,0.9,5,80,0.01,0.1,10,0.10475602,0.89524398,1.081914343,0.5
7,32,32,100,0.2,l1,0.7,0.7,3,48,1,10,10,0.104809789,0.895190211,1.073978477,0.507590696
9,64,64,200,0.1,l1,0.7,0.7,3,48,0.01,0.1,10,0.10485586,0.89514414,1.097357851,0.5
7,32,32,200,0.1,l2,0.5,0.5,3,48,0.01,0.1,10,0.104866204,0.895133796,1.085379449,0.50672502
9,64,64,200,0.1,l2,0.5,0.5,1,16,0.01,0.1,10,0.104902972,0.895097028,1.081917053,0.50672502
7,32,32,100,0.2,l2,0.7,0.7,3,48,1,10,10,0.104913211,0.895086789,1.073978477,0.506254776
9,64,64,100,0.2,l2,0.9,0.9,9,144,0.1,1,10,0.104930102,0.895069898,1.09366998,0.506313556
9,64,64,100,0.2,l2,0.9,0.9,1,16,0.01,0.1,10,0.105007456,0.894992544,1.093710816,0.50672502
9,64,64,100,0.2,l1,0.5,0.5,1,16,0.01,0.1,10,0.105021523,0.894978477,1.087703284,0.5
7,32,32,100,0.2,l1,0.5,0.5,3,48,1,10,10,0.105079094,0.894920906,1.084822763,0.507590696
9,64,64,100,0.2,l1,0.9,0.9,5,80,0.1,1,10,0.105151875,0.894848125,1.10225627,0.513925627
7,32,32,100,0.2,l2,0.5,0.5,3,48,1,10,10,0.105170782,0.894829218,1.084822763,0.506254776
9,64,64,200,0.1,l1,0.9,0.9,9,144,1,10,10,0.105194406,0.894805594,1.098672089,0.507590696
9,64,64,200,0.1,l2,0.9,0.9,9,144,1,10,10,0.105277424,0.894722576,1.098672089,0.506254776
7,32,32,100,0.2,l2,0.7,0.7,5,80,0.1,1,10,0.105394202,0.894605798,1.072603237,0.506313556
7,32,32,200,0.1,l2,0.7,0.7,3,48,0.01,0.1,10,0.105434443,0.894565557,1.081428543,0.50672502
7,32,32,200,0.1,l1,0.9,0.9,7,112,1,10,10,0.105477456,0.894522544,1.073409107,0.507590696
9,64,64,200,0.1,l1,0.9,0.9,1,16,0.1,1,10,0.105527209,0.894472791,1.097204893,0.513925627
7,32,32,200,0.1,l2,0.9,0.9,7,112,1,10,10,0.105569329,0.894430671,1.073409107,0.506254776
7,32,32,100,0.2,l2,0.5,0.5,5,80,0.01,0.1,10,0.105575943,0.894424057,1.08206081,0.50672502
9,64,64,200,0.1,l2,0.7,0.7,9,144,0.01,0.1,10,0.105589935,0.894410065,1.083041542,0.50672502
9,64,64,100,0.2,l1,0.7,0.7,3,48,0.1,1,10,0.105593138,0.894406862,1.103882297,0.513925627
7,32,32,100,0.2,l1,0.7,0.7,9,144,0.1,1,10,0.105697507,0.894302493,1.071231955,0.513925627
7,32,32,100,0.2,l1,0.9,0.9,3,48,0.01,0.1,10,0.105709368,0.894290632,1.081150435,0.5
9,64,64,200,0.1,l1,0.9,0.9,9,144,0.1,1,10,0.105716038,0.894283962,1.097901633,0.513925627
9,64,64,200,0.1,l1,0.9,0.9,3,48,0.1,1,10,0.105718172,0.894281828,1.109401125,0.513925627
7,32,32,100,0.2,l1,0.5,0.5,5,80,1,10,10,0.105813257,0.894186743,1.085419387,0.507590696
7,32,32,100,0.2,l2,0.7,0.7,7,112,0.1,1,10,0.10588144,0.89411856,1.070909311,0.506313556
7,32,32,100,0.2,l2,0.5,0.5,5,80,1,10,10,0.10589698,0.89410302,1.085419387,0.506254776
7,32,32,100,0.2,l1,0.7,0.7,3,48,0.1,1,10,0.10593952,0.89406048,1.077876691,0.513925627
9,64,64,200,0.1,l1,0.7,0.7,1,16,1,10,10,0.106023669,0.893976331,1.08882093,0.507590696
9,64,64,200,0.1,l2,0.7,0.7,1,16,1,10,10,0.10609751,0.89390249,1.08882093,0.506254776
9,64,64,200,0.1,l1,0.5,0.5,5,80,1,10,10,0.106274277,0.893725723,1.095462776,0.507590696
7,32,32,100,0.2,l2,0.7,0.7,7,112,0.01,0.1,10,0.10630026,0.89369974,1.073095879,0.50672502
9,64,64,200,0.1,l1,0.5,0.5,9,144,0.1,1,10,0.106322721,0.893677279,1.087775595,0.513925627
9,64,64,100,0.2,l2,0.9,0.9,5,80,0.1,1,10,0.106330337,0.893669663,1.10225627,0.506313556
9,64,64,200,0.1,l2,0.9,0.9,1,16,0.1,1,10,0.106356323,0.893643677,1.097204893,0.506313556
9,64,64,200,0.1,l2,0.5,0.5,5,80,1,10,10,0.106365774,0.893634226,1.095462776,0.506254776
9,64,64,200,0.1,l1,0.5,0.5,3,48,0.1,1,10,0.106384916,0.893615084,1.104516351,0.513925627
9,64,64,100,0.2,l2,0.7,0.7,3,48,0.1,1,10,0.106529022,0.893470978,1.103882297,0.506313556
7,32,32,100,0.2,l1,0.5,0.5,1,16,1,10,10,0.106529801,0.893470199,1.077954796,0.507590696
9,64,64,200,0.1,l2,0.9,0.9,3,48,0.1,1,10,0.106615674,0.893384326,1.109401125,0.506313556
7,32,32,100,0.2,l2,0.7,0.7,5,80,0.01,0.1,10,0.106623728,0.893376272,1.072942519,0.50672502
7,32,32,100,0.2,l2,0.5,0.5,1,16,1,10,10,0.106630049,0.893369951,1.077954796,0.506254776
7,32,32,100,0.2,l2,0.7,0.7,9,144,0.1,1,10,0.106659764,0.893340236,1.071231955,0.506313556
9,64,64,200,0.1,l2,0.7,0.7,3,48,0.01,0.1,10,0.106703347,0.893296653,1.097357851,0.50672502
7,32,32,200,0.1,l1,0.7,0.7,3,48,0.1,1,10,0.106717424,0.893282576,1.077707586,0.513925627
7,32,32,100,0.2,l1,0.5,0.5,1,16,0.01,0.1,10,0.10674977,0.89325023,1.078526694,0.5
9,64,64,200,0.1,l1,0.9,0.9,3,48,1,10,10,0.10679155,0.89320845,1.099810016,0.507590696
7,32,32,200,0.1,l1,0.9,0.9,5,80,0.1,1,10,0.106792959,0.893207041,1.07696774,0.513925627
9,64,64,100,0.2,l1,0.5,0.5,5,80,1,10,10,0.106804308,0.893195692,1.096384987,0.507590696
9,64,64,100,0.2,l2,0.5,0.5,1,16,0.01,0.1,10,0.106852336,0.893147664,1.087703284,0.50672502
9,64,64,200,0.1,l2,0.9,0.9,9,144,0.1,1,10,0.10687006,0.89312994,1.097901633,0.506313556
7,32,32,200,0.1,l1,0.7,0.7,7,112,0.1,1,10,0.106889811,0.893110189,1.070863854,0.513925627
9,64,64,200,0.1,l2,0.9,0.9,3,48,1,10,10,0.106890294,0.893109706,1.099810016,0.506254776
9,64,64,100,0.2,l2,0.5,0.5,5,80,1,10,10,0.106893284,0.893106716,1.096384987,0.506254776
7,32,32,200,0.1,l1,0.7,0.7,5,80,0.01,0.1,10,0.106908131,0.893091869,1.074550879,0.5
9,64,64,200,0.1,l1,0.5,0.5,9,144,0.01,0.1,10,0.106969122,0.893030878,1.085638271,0.5
7,32,32,200,0.1,l1,0.5,0.5,7,112,0.01,0.1,10,0.106973186,0.893026814,1.071228986,0.5
7,32,32,100,0.2,l2,0.7,0.7,3,48,0.1,1,10,0.106999543,0.893000457,1.077876691,0.506313556
9,64,64,200,0.1,l1,0.5,0.5,1,16,0.1,1,10,0.107054239,0.892945761,1.084666367,0.513925627
7,32,32,100,0.2,l1,0.7,0.7,9,144,0.01,0.1,10,0.107057899,0.892942101,1.073782393,0.5
9,64,64,200,0.1,l2,0.5,0.5,3,48,0.1,1,10,0.107061957,0.892938043,1.104516351,0.506313556
9,64,64,200,0.1,l1,0.7,0.7,9,144,0.1,1,10,0.107074131,0.892925869,1.088191393,0.513925627
9,64,64,200,0.1,l2,0.5,0.5,9,144,0.1,1,10,0.10718702,0.89281298,1.087775595,0.506313556
9,64,64,200,0.1,l1,0.5,0.5,5,80,0.1,1,10,0.107244029,0.892755971,1.092834661,0.513925627
9,64,64,100,0.2,l1,0.9,0.9,7,112,0.1,1,10,0.107315886,0.892684114,1.09255607,0.513925627
9,64,64,200,0.1,l1,0.9,0.9,3,48,0.01,0.1,10,0.107382845,0.892617155,1.110162743,0.5
7,32,32,100,0.2,l1,0.9,0.9,7,112,1,10,10,0.107424496,0.892575504,1.07612072,0.507590696
7,32,32,200,0.1,l1,0.9,0.9,5,80,1,10,10,0.107451286,0.892548714,1.074554055,0.507590696
7,32,32,100,0.2,l2,0.9,0.9,5,80,0.01,0.1,10,0.107502792,0.892497208,1.081914343,0.50672502
7,32,32,100,0.2,l1,0.9,0.9,1,16,0.1,1,10,0.107525552,0.892474448,1.08218731,0.513925627
7,32,32,100,0.2,l2,0.9,0.9,7,112,1,10,10,0.107533331,0.892466669,1.07612072,0.506254776
7,32,32,200,0.1,l2,0.9,0.9,5,80,1,10,10,0.107548548,0.892451452,1.074554055,0.506254776
7,32,32,100,0.2,l1,0.5,0.5,9,144,1,10,10,0.107576795,0.892423205,1.080200745,0.507590696
7,32,32,200,0.1,l2,0.9,0.9,5,80,0.1,1,10,0.107621903,0.892378097,1.07696774,0.506313556
7,32,32,100,0.2,l1,0.9,0.9,1,16,1,10,10,0.107684225,0.892315775,1.080339321,0.507590696
7,32,32,100,0.2,l2,0.5,0.5,9,144,1,10,10,0.107691801,0.892308199,1.080200745,0.506254776
7,32,32,200,0.1,l2,0.7,0.7,3,48,0.1,1,10,0.107691822,0.892308178,1.077707586,0.506313556
9,64,64,100,0.2,l1,0.5,0.5,1,16,1,10,10,0.107731366,0.892268634,1.079807581,0.507590696
9,64,64,200,0.1,l2,0.5,0.5,1,16,0.1,1,10,0.10773262,0.892268338,1.084666367,0.506313556
7,32,32,200,0.1,l1,0.7,0.7,7,112,0.01,0.1,10,0.107757706,0.892242294,1.069150393,0.5
7,32,32,100,0.2,l2,0.9,0.9,1,16,1,10,10,0.107773491,0.892226509,1.080339321,0.506254776
9,64,64,100,0.2,l2,0.5,0.5,1,16,1,10,10,0.107807975,0.892192025,1.079807581,0.506254776
7,32,32,200,0.1,l2,0.7,0.7,7,112,0.1,1,10,0.107829704,0.892170296,1.070863854,0.506313556
9,64,64,200,0.1,l2,0.5,0.5,5,80,0.1,1,10,0.107913079,0.892086921,1.092834661,0.506313556
7,32,32,200,0.1,l1,0.7,0.7,9,144,0.01,0.1,10,0.107941853,0.892058147,1.071667711,0.5
9,64,64,200,0.1,l2,0.7,0.7,9,144,0.1,1,10,0.107980183,0.892019817,1.088191393,0.506313556
7,32,32,200,0.1,l1,0.5,0.5,9,144,1,10,10,0.107983076,0.892016924,1.074790733,0.507590696
7,32,32,200,0.1,l2,0.5,0.5,9,144,1,10,10,0.108077064,0.891922936,1.074790733,0.506254776
9,64,64,200,0.1,l2,0.9,0.9,3,48,0.01,0.1,10,0.108094365,0.891905635,1.110162743,0.50672502
9,64,64,100,0.2,l2,0.9,0.9,7,112,0.1,1,10,0.108257544,0.891742456,1.09255607,0.506313556
9,64,64,100,0.2,l1,0.7,0.7,1,16,0.01,0.1,10,0.108365144,0.891634856,1.101936641,0.5
7,32,32,200,0.1,l1,0.7,0.7,7,112,1,10,10,0.10841662,0.89158338,1.069052149,0.507590696
9,64,64,200,0.1,l1,0.7,0.7,3,48,0.1,1,10,0.10845957,0.89154043,1.096694955,0.513925627
7,32,32,100,0.2,l2,0.9,0.9,1,16,0.1,1,10,0.108461125,0.891538875,1.08218731,0.506313556
7,32,32,200,0.1,l1,0.9,0.9,9,144,0.01,0.1,10,0.108474238,0.891525762,1.082190619,0.5
7,32,32,200,0.1,l2,0.7,0.7,7,112,1,10,10,0.10850552,0.89149448,1.069052149,0.506254776
7,32,32,100,0.2,l1,0.9,0.9,5,80,0.1,1,10,0.108518954,0.891481046,1.078325054,0.513925627
9,64,64,100,0.2,l1,0.5,0.5,1,16,0.1,1,10,0.108537173,0.891462827,1.089765977,0.513925627
9,64,64,100,0.2,l2,0.5,0.5,1,16,0.1,1,10,0.108574748,0.891425252,1.089765977,0.506313556
7,32,32,100,0.2,l2,0.5,0.5,1,16,0.01,0.1,10,0.108590282,0.891409718,1.078526694,0.50672502
9,64,64,100,0.2,l1,0.9,0.9,1,16,0.1,1,10,0.108608908,0.891391092,1.104333678,0.513925627
7,32,32,100,0.2,l2,0.7,0.7,9,144,0.01,0.1,10,0.108646816,0.891353184,1.073782393,0.50672502
7,32,32,200,0.1,l1,0.5,0.5,1,16,1,10,10,0.10867537,0.89132463,1.07474866,0.507590696
7,32,32,200,0.1,l2,0.7,0.7,5,80,0.01,0.1,10,0.108712114,0.891287886,1.074550879,0.50672502
7,32,32,200,0.1,l1,0.5,0.5,9,144,0.01,0.1,10,0.108744476,0.891255524,1.07623223,0.5
7,32,32,200,0.1,l2,0.5,0.5,1,16,1,10,10,0.108781022,0.891218978,1.07474866,0.506254776
7,32,32,100,0.2,l1,0.7,0.7,5,80,1,10,10,0.108799445,0.891200555,1.072927396,0.507590696
7,32,32,200,0.1,l1,0.5,0.5,3,48,0.1,1,10,0.108806743,0.891193257,1.086413497,0.513925627
9,64,64,200,0.1,l1,0.5,0.5,3,48,1,10,10,0.108881665,0.891118335,1.101444659,0.507590696
7,32,32,100,0.2,l2,0.7,0.7,5,80,1,10,10,0.108893837,0.891106163,1.072927396,0.506254776
9,64,64,100,0.2,l1,0.7,0.7,9,144,1,10,10,0.108910687,0.891089313,1.094624664,0.507590696
9,64,64,200,0.1,l2,0.5,0.5,9,144,0.01,0.1,10,0.108948908,0.891051092,1.085638271,0.50672502
7,32,32,100,0.2,l1,0.9,0.9,9,144,0.01,0.1,10,0.108982834,0.891017166,1.083220067,0.5
9,64,64,200,0.1,l2,0.5,0.5,3,48,1,10,10,0.108994669,0.891005331,1.101444659,0.506254776
7,32,32,200,0.1,l1,0.5,0.5,5,80,0.01,0.1,10,0.109001078,0.890998922,1.076080898,0.5
9,64,64,100,0.2,l2,0.7,0.7,9,144,1,10,10,0.109035967,0.890964033,1.094624664,0.506254776
9,64,64,200,0.1,l2,0.7,0.7,3,48,0.1,1,10,0.109133571,0.890866429,1.096694955,0.506313556
7,32,32,100,0.2,l2,0.9,0.9,3,48,0.01,0.1,10,0.109159535,0.890840465,1.081150435,0.50672502
9,64,64,100,0.2,l2,0.7,0.7,5,80,0.01,0.1,10,0.109227191,0.890772809,1.099082006,0.50672502
7,32,32,200,0.1,l1,0.9,0.9,5,80,0.01,0.1,10,0.1092377,0.8907623,1.078617441,0.5
7,32,32,200,0.1,l1,0.5,0.5,7,112,1,10,10,0.109279155,0.890720845,1.072822276,0.507590696
9,64,64,100,0.2,l2,0.9,0.9,1,16,0.1,1,10,0.109321311,0.890678689,1.104333678,0.506313556
7,32,32,200,0.1,l2,0.5,0.5,7,112,1,10,10,0.109380191,0.890619809,1.072822276,0.506254776
7,32,32,100,0.2,l2,0.9,0.9,5,80,0.1,1,10,0.109466537,0.890533463,1.078325054,0.506313556
7,32,32,200,0.1,l1,0.7,0.7,1,16,1,10,10,0.10948432,0.890515684,1.074174094,0.507590696
9,64,64,200,0.1,l1,0.5,0.5,3,48,0.01,0.1,10,0.109486127,0.890513873,1.107041668,0.5
7,32,32,100,0.2,l1,0.7,0.7,7,112,1,10,10,0.109495019,0.890504981,1.065892365,0.507590696
7,32,32,200,0.1,l2,0.7,0.7,1,16,1,10,10,0.109547841,0.890452159,1.074174094,0.506254776
7,32,32,100,0.2,l2,0.7,0.7,7,112,1,10,10,0.109604122,0.890395878,1.065892365,0.506254776
7,32,32,200,0.1,l2,0.5,0.5,3,48,0.1,1,10,0.109713372,0.890286628,1.086413497,0.506313556
5,16,16,100,0.2,l1,0.7,0.7,1,16,0.01,0.1,10,0.109782698,0.890217302,1.058594092,0.5
7,32,32,200,0.1,l1,0.5,0.5,5,80,1,10,10,0.109790118,0.890209882,1.076132545,0.507590696
5,16,16,100,0.2,l1,0.9,0.9,1,16,0.01,0.1,10,0.109893452,0.890106548,1.058475728,0.5
7,32,32,200,0.1,l2,0.5,0.5,5,80,1,10,10,0.109893882,0.890106118,1.076132545,0.506254776
9,64,64,200,0.1,l1,0.5,0.5,5,80,0.01,0.1,10,0.109902292,0.890097708,1.092899548,0.5
7,32,32,100,0.2,l1,0.9,0.9,9,144,0.1,1,10,0.109914777,0.890085223,1.077650025,0.513925627
7,32,32,100,0.2,l2,0.7,0.7,3,48,0.01,0.1,10,0.109919974,0.890080026,1.075123992,0.50672502
7,32,32,100,0.2,l1,0.9,0.9,9,144,1,10,10,0.110093275,0.889906725,1.077754772,0.507590696
7,32,32,200,0.1,l2,0.5,0.5,7,112,0.01,0.1,10,0.110126638,0.889873362,1.071228986,0.50672502
7,32,32,100,0.2,l2,0.9,0.9,9,144,1,10,10,0.110181714,0.889818286,1.077754772,0.506254776
9,64,64,200,0.1,l1,0.7,0.7,3,48,1,10,10,0.110200109,0.889799891,1.096983615,0.507590696
5,16,16,200,0.1,l1,0.7,0.7,1,16,0.01,0.1,10,0.110212657,0.889787343,1.058399916,0.5
7,32,32,200,0.1,l1,0.7,0.7,5,80,1,10,10,0.110217472,0.889782528,1.071541261,0.507590696
9,64,64,200,0.1,l1,0.7,0.7,5,80,0.1,1,10,0.110265323,0.889734677,1.09038655,0.513925627
9,64,64,200,0.1,l2,0.7,0.7,3,48,1,10,10,0.11027142,0.88972858,1.096983615,0.506254776
7,32,32,200,0.1,l2,0.7,0.7,7,112,0.01,0.1,10,0.110283526,0.889716474,1.069150393,0.50672502
7,32,32,200,0.1,l2,0.7,0.7,5,80,1,10,10,0.110320771,0.889679229,1.071541261,0.506254776
7,32,32,200,0.1,l2,0.7,0.7,9,144,0.01,0.1,10,0.110382881,0.889617119,1.071667711,0.50672502
7,32,32,200,0.1,l1,0.7,0.7,5,80,0.1,1,10,0.110421903,0.889578097,1.073389543,0.513925627
7,32,32,200,0.1,l1,0.9,0.9,9,144,1,10,10,0.110447076,0.889552924,1.078853128,0.507590696
9,64,64,100,0.2,l1,0.5,0.5,9,144,0.01,0.1,10,0.110456073,0.889543927,1.087489899,0.5
5,16,16,200,0.1,l1,0.9,0.9,1,16,0.01,0.1,10,0.110467682,0.889532318,1.05852754,0.5
9,64,64,100,0.2,l2,0.7,0.7,1,16,0.01,0.1,10,0.110513974,0.889486026,1.101936641,0.50672502
7,32,32,200,0.1,l2,0.9,0.9,9,144,1,10,10,0.110528825,0.889471175,1.078853128,0.506254776
9,64,64,200,0.1,l1,0.7,0.7,5,80,0.01,0.1,10,0.110547093,0.889452907,1.090500885,0.5
9,64,64,200,0.1,l1,0.5,0.5,1,16,1,10,10,0.110770586,0.889229414,1.083498649,0.507590696
7,32,32,100,0.2,l2,0.9,0.9,9,144,0.1,1,10,0.110847375,0.889152625,1.077650025,0.506313556
5,16,16,200,0.1,l2,0.7,0.7,1,16,0.01,0.1,10,0.110866997,0.889133003,1.058399916,0.50672502
9,64,64,200,0.1,l2,0.5,0.5,1,16,1,10,10,0.110869952,0.889130048,1.083498649,0.506254776
9,64,64,100,0.2,l1,0.9,0.9,3,48,0.1,1,10,0.1108931,0.8891069,1.108491381,0.513925627
7,32,32,200,0.1,l1,0.7,0.7,9,144,1,10,10,0.110958711,0.889041289,1.071055939,0.507590696
9,64,64,100,0.2,l1,0.5,0.5,5,80,0.1,1,10,0.110964374,0.889035626,1.105792007,0.513925627
9,64,64,200,0.1,l1,0.7,0.7,9,144,1,10,10,0.110977945,0.889022055,1.089171897,0.507590696
5,16,16,100,0.2,l2,0.7,0.7,1,16,0.01,0.1,10,0.111014914,0.888985086,1.058594092,0.50672502
7,32,32,200,0.1,l2,0.7,0.7,9,144,1,10,10,0.11102619,0.88897381,1.071055939,0.506254776
9,64,64,200,0.1,l2,0.7,0.7,5,80,0.1,1,10,0.111044506,0.888955494,1.09038655,0.506313556
7,32,32,100,0.2,l1,0.5,0.5,9,144,0.1,1,10,0.111072746,0.888927254,1.078934025,0.513925627
9,64,64,200,0.1,l2,0.7,0.7,9,144,1,10,10,0.111073543,0.888926457,1.089171897,0.506254776
7,32,32,200,0.1,l1,0.7,0.7,9,144,0.1,1,10,0.111077114,0.888922886,1.07658206,0.513925627
7,32,32,200,0.1,l2,0.5,0.5,5,80,0.01,0.1,10,0.11113802,0.88886198,1.076080898,0.50672502
7,32,32,100,0.2,l2,0.9,0.9,9,144,0.01,0.1,10,0.1111568,0.8888432,1.083220067,0.50672502
5,16,16,200,0.1,l1,0.5,0.5,1,16,0.01,0.1,10,0.111183799,0.888816201,1.058733973,0.5
9,64,64,200,0.1,l2,0.7,0.7,5,80,0.01,0.1,10,0.111198651,0.888801349,1.090500885,0.50672502
5,16,16,200,0.1,l2,0.9,0.9,1,16,0.01,0.1,10,0.111231777,0.888768223,1.05852754,0.50672502
5,16,16,100,0.2,l1,0.5,0.5,1,16,0.01,0.1,10,0.111314192,0.888685808,1.058547725,0.5
7,32,32,200,0.1,l2,0.7,0.7,5,80,0.1,1,10,0.111363817,0.888636183,1.073389543,0.506313556
5,16,16,100,0.2,l2,0.9,0.9,1,16,0.01,0.1,10,0.111521245,0.888478755,1.058475728,0.50672502
9,64,64,200,0.1,l1,0.5,0.5,9,144,1,10,10,0.111521384,0.888478616,1.08819624,0.507590696
7,32,32,200,0.1,l2,0.9,0.9,9,144,0.01,0.1,10,0.111524693,0.888475307,1.082190619,0.50672502
9,64,64,200,0.1,l2,0.5,0.5,9,144,1,10,10,0.111627285,0.888372715,1.08819624,0.506254776
9,64,64,100,0.2,l1,0.9,0.9,9,144,1,10,10,0.111688488,0.888311512,1.094939537,0.507590696
9,64,64,100,0.2,l2,0.9,0.9,3,48,0.1,1,10,0.11171627,0.88828373,1.108491381,0.506313556
9,64,64,100,0.2,l2,0.9,0.9,9,144,1,10,10,0.111759765,0.888240235,1.094939537,0.506254776
7,32,32,200,0.1,l1,0.5,0.5,7,112,0.1,1,10,0.111871442,0.888128558,1.073009669,0.513925627
9,64,64,200,0.1,l2,0.5,0.5,5,80,0.01,0.1,10,0.111885213,0.888114787,1.092899548,0.50672502
7,32,32,200,0.1,l2,0.9,0.9,5,80,0.01,0.1,10,0.111894462,0.888105538,1.078617441,0.50672502
9,64,64,100,0.2,l2,0.5,0.5,5,80,0.1,1,10,0.111925924,0.888074076,1.105792007,0.506313556
5,16,16,200,0.1,l2,0.5,0.5,1,16,0.01,0.1,10,0.111971682,0.888028318,1.058733973,0.50672502
7,32,32,200,0.1,l2,0.7,0.7,9,144,0.1,1,10,0.112026509,0.887973491,1.07658206,0.506313556
9,64,64,200,0.1,l1,0.7,0.7,7,112,1,10,10,0.11209516,0.88790484,1.082340927,0.507590696
7,32,32,200,0.1,l1,0.5,0.5,5,80,0.1,1,10,0.112118407,0.887881593,1.07727161,0.513925627
7,32,32,100,0.2,l1,0.9,0.9,5,80,1,10,10,0.112178416,0.887821584,1.076819232,0.507590696
9,64,64,200,0.1,l2,0.7,0.7,7,112,1,10,10,0.112205769,0.887794231,1.082340927,0.506254776
7,32,32,100,0.2,l2,0.5,0.5,9,144,0.1,1,10,0.11220971,0.88779029,1.078934025,0.506313556
7,32,32,100,0.2,l2,0.9,0.9,5,80,1,10,10,0.112256019,0.887743981,1.076819232,0.506254776
9,64,64,200,0.1,l2,0.5,0.5,3,48,0.01,0.1,10,0.11230207,0.88769793,1.107041668,0.50672502
7,32,32,200,0.1,l1,0.5,0.5,9,144,0.1,1,10,0.112434752,0.887565248,1.076810053,0.513925627
9,64,64,100,0.2,l1,0.9,0.9,5,80,1,10,10,0.112552021,0.887447979,1.101067025,0.507590696
5,16,16,100,0.2,l2,0.5,0.5,1,16,0.01,0.1,10,0.112636572,0.887363428,1.058547725,0.50672502
9,64,64,100,0.2,l2,0.9,0.9,5,80,1,10,10,0.112678608,0.887321392,1.101067025,0.506254776
9,64,64,100,0.2,l1,0.5,0.5,9,144,1,10,10,0.112765057,0.887234943,1.097085968,0.507590696
9,64,64,100,0.2,l2,0.5,0.5,9,144,1,10,10,0.112828962,0.887171038,1.097085968,0.506254776
5,16,16,200,0.1,l1,0.9,0.9,1,16,0.1,1,10,0.112893931,0.887106069,1.058618332,0.513925627
5,16,16,100,0.2,l1,0.7,0.7,1,16,0.1,1,10,0.112896484,0.887103516,1.058602711,0.513925627
7,32,32,100,0.2,l1,0.5,0.5,3,48,0.1,1,10,0.112921138,0.887078862,1.089142326,0.513925627
9,64,64,100,0.2,l2,0.5,0.5,9,144,0.01,0.1,10,0.112929869,0.887070131,1.087489899,0.50672502
5,16,16,200,0.1,l1,0.7,0.7,1,16,0.1,1,10,0.112956392,0.887043608,1.058563519,0.513925627
7,32,32,200,0.1,l2,0.5,0.5,7,112,0.1,1,10,0.112958085,0.887041915,1.073009669,0.506313556
7,32,32,200,0.1,l2,0.5,0.5,9,144,0.01,0.1,10,0.113000978,0.886999022,1.07623223,0.50672502
7,32,32,200,0.1,l2,0.5,0.5,5,80,0.1,1,10,0.113062166,0.886937834,1.07727161,0.506313556
5,16,16,200,0.1,l1,0.5,0.5,1,16,0.1,1,10,0.113159212,0.886840788,1.058644276,0.513925627
7,32,32,200,0.1,l2,0.5,0.5,9,144,0.1,1,10,0.113309494,0.886690506,1.076810053,0.506313556
5,16,16,100,0.2,l1,0.9,0.9,1,16,0.1,1,10,0.113369033,0.886630967,1.058375261,0.513925627
7,32,32,100,0.2,l1,0.9,0.9,3,48,0.1,1,10,0.113385569,0.886614431,1.081837718,0.513925627
7,32,32,100,0.2,l2,0.5,0.5,3,48,0.1,1,10,0.113733275,0.886266725,1.089142326,0.506313556
7,32,32,200,0.1,l1,0.9,0.9,9,144,0.1,1,10,0.113807672,0.886192328,1.079189327,0.513925627
5,16,16,200,0.1,l2,0.7,0.7,1,16,0.1,1,10,0.113922769,0.886077231,1.058563519,0.506313556
5,16,16,200,0.1,l2,0.9,0.9,1,16,0.1,1,10,0.113923369,0.886076631,1.058618332,0.506313556
5,16,16,100,0.2,l2,0.7,0.7,1,16,0.1,1,10,0.114024369,0.885975631,1.058602711,0.506313556
9,64,64,100,0.2,l1,0.9,0.9,7,112,1,10,10,0.114083288,0.885916712,1.095425822,0.507590696
5,16,16,200,0.1,l2,0.5,0.5,1,16,0.1,1,10,0.114161432,0.885838568,1.058644276,0.506313556
9,64,64,100,0.2,l2,0.9,0.9,7,112,1,10,10,0.114176772,0.885823228,1.095425822,0.506254776
5,16,16,100,0.2,l1,0.5,0.5,1,16,0.1,1,10,0.11421626,0.88578374,1.058508526,0.513925627
9,64,64,100,0.2,l1,0.9,0.9,3,48,1,10,10,0.114245723,0.885754277,1.10796827,0.507590696
9,64,64,100,0.2,l1,0.7,0.7,9,144,0.01,0.1,10,0.114291584,0.885708416,1.093778964,0.5
9,64,64,100,0.2,l2,0.9,0.9,3,48,1,10,10,0.114325092,0.885674908,1.10796827,0.506254776
5,16,16,200,0.1,l1,0.5,0.5,1,16,1,10,10,0.114487479,0.885512521,1.058878161,0.507590696
5,16,16,100,0.2,l2,0.9,0.9,1,16,0.1,1,10,0.114492276,0.885507724,1.058375261,0.506313556
5,16,16,100,0.2,l1,0.9,0.9,1,16,1,10,10,0.114504375,0.885495625,1.058743018,0.507590696
5,16,16,200,0.1,l1,0.5,0.5,7,112,0.01,0.1,10,0.114508214,0.885491786,1.060229814,0.5
7,32,32,100,0.2,l2,0.9,0.9,3,48,0.1,1,10,0.114514135,0.885485865,1.081837718,0.506313556
5,16,16,200,0.1,l1,0.9,0.9,7,112,0.01,0.1,10,0.114563379,0.885436621,1.060207393,0.5
5,16,16,200,0.1,l2,0.5,0.5,1,16,1,10,10,0.114594775,0.885405225,1.058878161,0.506254776
5,16,16,100,0.2,l2,0.9,0.9,1,16,1,10,10,0.114603836,0.885396164,1.058743018,0.506254776
7,32,32,200,0.1,l2,0.9,0.9,9,144,0.1,1,10,0.114610388,0.885389612,1.079189327,0.506313556
5,16,16,200,0.1,l1,0.9,0.9,1,16,1,10,10,0.114635421,0.885364579,1.058592511,0.507590696
5,16,16,100,0.2,l1,0.7,0.7,1,16,1,10,10,0.114647014,0.885352986,1.058467882,0.507590696
5,16,16,100,0.2,l2,0.5,0.5,7,112,0.01,0.1,10,0.114690943,0.885309057,1.06089882,0.50672502
5,16,16,200,0.1,l2,0.5,0.5,7,112,0.01,0.1,10,0.114733823,0.885266177,1.060229814,0.50672502
5,16,16,200,0.1,l2,0.9,0.9,7,112,0.01,0.1,10,0.114739688,0.885260312,1.060207393,0.50672502
5,16,16,200,0.1,l2,0.9,0.9,1,16,1,10,10,0.114745151,0.885254849,1.058592511,0.506254776
5,16,16,100,0.2,l2,0.7,0.7,1,16,1,10,10,0.114756391,0.885243609,1.058467882,0.506254776
9,64,64,100,0.2,l1,0.5,0.5,9,144,0.1,1,10,0.114852368,0.885147632,1.091356861,0.513925627
5,16,16,100,0.2,l1,0.5,0.5,7,112,0.01,0.1,10,0.114866376,0.885133624,1.06089882,0.5
9,64,64,100,0.2,l1,0.9,0.9,5,80,0.01,0.1,10,0.114895313,0.885104687,1.110510452,0.5
7,32,32,100,0.2,l1,0.5,0.5,1,16,0.1,1,10,0.114955917,0.885044083,1.08025957,0.513925627
5,16,16,200,0.1,l1,0.7,0.7,1,16,1,10,10,0.114962906,0.885037094,1.058635312,0.507590696
5,16,16,200,0.1,l1,0.7,0.7,7,112,0.01,0.1,10,0.11503083,0.88496917,1.059882188,0.5
5,16,16,200,0.1,l2,0.7,0.7,1,16,1,10,10,0.11506796,0.88493204,1.058635312,0.506254776
5,16,16,200,0.1,l2,0.7,0.7,7,112,0.01,0.1,10,0.115128519,0.884871481,1.059882188,0.50672502
5,16,16,100,0.2,l2,0.5,0.5,1,16,0.1,1,10,0.115180679,0.884819321,1.058508526,0.506313556
5,16,16,100,0.2,l1,0.5,0.5,7,112,0.1,1,10,0.115598465,0.884401535,1.060902684,0.513925627
7,32,32,100,0.2,l2,0.5,0.5,1,16,0.1,1,10,0.115824109,0.884175891,1.08025957,0.506313556
5,16,16,100,0.2,l1,0.7,0.7,7,112,0.01,0.1,10,0.115955614,0.884044386,1.059966284,0.5
5,16,16,100,0.2,l2,0.7,0.7,7,112,0.01,0.1,10,0.115962837,0.884037163,1.059966284,0.50672502
7,32,32,100,0.2,l1,0.9,0.9,3,48,1,10,10,0.115967137,0.884032863,1.078441444,0.507590696
5,16,16,100,0.2,l1,0.5,0.5,1,16,1,10,10,0.115980998,0.884019002,1.058573605,0.507590696
9,64,64,100,0.2,l2,0.5,0.5,9,144,0.1,1,10,0.115985382,0.884014618,1.091356861,0.506313556
7,32,32,100,0.2,l2,0.9,0.9,3,48,1,10,10,0.116056123,0.883943877,1.078441444,0.506254776
5,16,16,100,0.2,l2,0.5,0.5,1,16,1,10,10,0.116095663,0.883904337,1.058573605,0.506254776
5,16,16,200,0.1,l1,0.5,0.5,7,112,0.1,1,10,0.116226751,0.883773249,1.060295489,0.513925627
5,16,16,200,0.1,l1,0.9,0.9,3,48,0.01,0.1,10,0.116233216,0.883766784,1.059213055,0.5
5,16,16,100,0.2,l2,0.5,0.5,7,112,0.1,1,10,0.116356839,0.88364321,1.060902684,0.506313556
5,16,16,200,0.1,l1,0.9,0.9,7,112,0.1,1,10,0.116461978,0.883538022,1.060100137,0.513925627
5,16,16,100,0.2,l1,0.7,0.7,7,112,0.1,1,10,0.116494384,0.883505616,1.059959013,0.513925627
5,16,16,100,0.2,l1,0.5,0.5,3,48,0.01,0.1,10,0.116667598,0.883332402,1.059446177,0.5
5,16,16,200,0.1,l1,0.7,0.7,7,112,0.1,1,10,0.116746753,0.883253247,1.059868898,0.513925627
5,16,16,200,0.1,l1,0.7,0.7,9,144,0.01,0.1,10,0.116784045,0.883215955,1.059879365,0.5
5,16,16,200,0.1,l1,0.7,0.7,3,48,0.01,0.1,10,0.116881616,0.883118384,1.05919509,0.5
5,16,16,200,0.1,l2,0.7,0.7,9,144,0.01,0.1,10,0.116927427,0.883072573,1.059879365,0.50672502
5,16,16,200,0.1,l2,0.5,0.5,7,112,0.1,1,10,0.117025258,0.882974742,1.060295489,0.506313556
5,16,16,100,0.2,l2,0.9,0.9,9,144,0.01,0.1,10,0.117056345,0.882943655,1.05959043,0.50672502
5,16,16,200,0.1,l1,0.5,0.5,3,48,0.01,0.1,10,0.117070707,0.882929293,1.059473228,0.5
5,16,16,200,0.1,l1,0.5,0.5,7,112,1,10,10,0.117129984,0.882870016,1.060451394,0.507590696
5,16,16,200,0.1,l2,0.5,0.5,7,112,1,10,10,0.117211176,0.882788824,1.060451394,0.506254776
5,16,16,100,0.2,l2,0.7,0.7,7,112,0.1,1,10,0.117252426,0.882747574,1.059959013,0.506313556
5,16,16,200,0.1,l2,0.9,0.9,7,112,0.1,1,10,0.117258597,0.882741403,1.060100137,0.506313556
5,16,16,200,0.1,l1,0.9,0.9,9,144,0.01,0.1,10,0.11730667,0.88269333,1.059932302,0.5
5,16,16,100,0.2,l1,0.9,0.9,9,144,0.01,0.1,10,0.117314157,0.882685843,1.05959043,0.5
5,16,16,200,0.1,l1,0.9,0.9,7,112,1,10,10,0.117441498,0.882558502,1.059883639,0.507590696
5,16,16,200,0.1,l2,0.7,0.7,7,112,0.1,1,10,0.117500159,0.882499841,1.059868898,0.506313556
5,16,16,200,0.1,l2,0.9,0.9,7,112,1,10,10,0.117521597,0.882478403,1.059883639,0.506254776
5,16,16,200,0.1,l2,0.9,0.9,9,144,0.01,0.1,10,0.11756703,0.88243297,1.059932302,0.50672502
9,64,64,100,0.2,l2,0.7,0.7,9,144,0.01,0.1,10,0.117607965,0.882392035,1.093778964,0.50672502
5,16,16,100,0.2,l1,0.9,0.9,3,48,0.01,0.1,10,0.117743835,0.882256165,1.059135388,0.5
5,16,16,100,0.2,l1,0.7,0.7,3,48,0.01,0.1,10,0.117826445,0.882173555,1.059093252,0.5
5,16,16,200,0.1,l1,0.7,0.7,7,112,1,10,10,0.118020907,0.881979093,1.060018131,0.507590696
5,16,16,200,0.1,l2,0.7,0.7,7,112,1,10,10,0.118101271,0.881898729,1.060018131,0.506254776
5,16,16,200,0.1,l2,0.9,0.9,3,48,0.01,0.1,10,0.118119346,0.881880654,1.059213055,0.50672502
5,16,16,200,0.1,l2,0.5,0.5,9,144,0.01,0.1,10,0.118163803,0.881836197,1.059815407,0.50672502
9,64,64,100,0.2,l2,0.9,0.9,5,80,0.01,0.1,10,0.118239521,0.881760479,1.110510452,0.50672502
5,16,16,200,0.1,l1,0.5,0.5,9,144,0.01,0.1,10,0.118306122,0.881693878,1.059815407,0.5
5,16,16,200,0.1,l2,0.5,0.5,3,48,0.01,0.1,10,0.1183071,0.8816929,1.059473228,0.50672502
5,16,16,100,0.2,l1,0.7,0.7,7,112,1,10,10,0.118448515,0.881551485,1.05988367,0.507590696
5,16,16,100,0.2,l1,0.9,0.9,7,112,0.01,0.1,10,0.118522591,0.881477409,1.059950243,0.5
5,16,16,100,0.2,l2,0.7,0.7,7,112,1,10,10,0.118530474,0.881469526,1.05988367,0.506254776
5,16,16,100,0.2,l1,0.9,0.9,9,144,0.1,1,10,0.118588695,0.881411305,1.059481302,0.513925627
5,16,16,200,0.1,l2,0.7,0.7,3,48,0.01,0.1,10,0.118705406,0.881294594,1.05919509,0.50672502
5,16,16,100,0.2,l1,0.9,0.9,5,80,0.01,0.1,10,0.118730347,0.881269653,1.058886619,0.5
5,16,16,100,0.2,l1,0.5,0.5,7,112,1,10,10,0.118734339,0.881265661,1.060342882,0.507590696
5,16,16,100,0.2,l2,0.9,0.9,7,112,0.01,0.1,10,0.118795211,0.881204789,1.059950243,0.50672502
5,16,16,100,0.2,l2,0.5,0.5,7,112,1,10,10,0.118817793,0.881182207,1.060342882,0.506254776
5,16,16,200,0.1,l1,0.9,0.9,9,144,0.1,1,10,0.118817918,0.881182082,1.059768327,0.513925627
5,16,16,100,0.2,l2,0.5,0.5,3,48,0.01,0.1,10,0.11891209,0.88108791,1.059446177,0.50672502
5,16,16,100,0.2,l1,0.5,0.5,9,144,0.01,0.1,10,0.118914533,0.881085467,1.059642492,0.5
5,16,16,100,0.2,l2,0.7,0.7,9,144,0.01,0.1,10,0.118940843,0.881059157,1.059540626,0.50672502
5,16,16,100,0.2,l1,0.7,0.7,9,144,0.01,0.1,10,0.119015537,0.880984463,1.059540626,0.5
5,16,16,200,0.1,l1,0.7,0.7,9,144,0.1,1,10,0.119066608,0.880933392,1.059932779,0.513925627
5,16,16,200,0.1,l1,0.5,0.5,9,144,0.1,1,10,0.119264298,0.880735702,1.059983024,0.513925627
5,16,16,100,0.2,l2,0.9,0.9,9,144,0.1,1,10,0.119346625,0.880653375,1.059481302,0.506313556
5,16,16,100,0.2,l2,0.9,0.9,3,48,0.01,0.1,10,0.119430601,0.880569399,1.059135388,0.50672502
5,16,16,200,0.1,l1,0.9,0.9,3,48,0.1,1,10,0.119487616,0.880512384,1.059199058,0.513925627
5,16,16,100,0.2,l1,0.5,0.5,5,80,0.01,0.1,10,0.119528821,0.880471179,1.059884659,0.5
5,16,16,100,0.2,l1,0.9,0.9,7,112,0.1,1,10,0.119571091,0.880428909,1.059949719,0.513925627
5,16,16,200,0.1,l2,0.9,0.9,9,144,0.1,1,10,0.119571888,0.880428112,1.059768327,0.506313556
5,16,16,100,0.2,l2,0.5,0.5,9,144,0.01,0.1,10,0.119666823,0.880333177,1.059642492,0.50672502
5,16,16,200,0.1,l2,0.7,0.7,9,144,0.1,1,10,0.119853207,0.880146793,1.059932779,0.506313556
5,16,16,100,0.2,l1,0.9,0.9,9,144,1,10,10,0.119966988,0.880033012,1.059282604,0.507590696
5,16,16,200,0.1,l2,0.5,0.5,9,144,0.1,1,10,0.119995821,0.880004179,1.059983024,0.506313556
5,16,16,100,0.2,l2,0.9,0.9,9,144,1,10,10,0.120038543,0.879961457,1.059282604,0.506254776
5,16,16,100,0.2,l2,0.7,0.7,3,48,0.01,0.1,10,0.120147206,0.879852794,1.059093252,0.50672502
5,16,16,200,0.1,l1,0.9,0.9,9,144,1,10,10,0.120181142,0.879818858,1.059816626,0.507590696
5,16,16,100,0.2,l1,0.7,0.7,9,144,0.1,1,10,0.12019656,0.87980344,1.05954864,0.513925627
5,16,16,200,0.1,l1,0.7,0.7,9,144,1,10,10,0.120208334,0.879791666,1.059676045,0.507590696
5,16,16,100,0.2,l1,0.5,0.5,9,144,0.1,1,10,0.120210132,0.879789868,1.059493685,0.513925627
9,64,64,100,0.2,l1,0.7,0.7,5,80,0.1,1,10,0.120216523,0.879783477,1.090588971,0.513925627
5,16,16,200,0.1,l1,0.9,0.9,5,80,0.01,0.1,10,0.120226112,0.879773888,1.059473196,0.5
5,16,16,200,0.1,l2,0.9,0.9,9,144,1,10,10,0.120250631,0.879749369,1.059816626,0.506254776
5,16,16,200,0.1,l1,0.5,0.5,5,80,0.01,0.1,10,0.120265228,0.879734772,1.059708053,0.5
5,16,16,200,0.1,l2,0.7,0.7,9,144,1,10,10,0.120282597,0.879717403,1.059676045,0.506254776
5,16,16,200,0.1,l2,0.9,0.9,3,48,0.1,1,10,0.120285847,0.879714153,1.059199058,0.506313556
5,16,16,200,0.1,l1,0.7,0.7,3,48,0.1,1,10,0.120317544,0.879682456,1.059079305,0.513925627
5,16,16,100,0.2,l1,0.7,0.7,9,144,1,10,10,0.120324628,0.879675372,1.059448735,0.507590696
5,16,16,100,0.2,l2,0.9,0.9,5,80,0.01,0.1,10,0.120351206,0.879648794,1.058886619,0.50672502
5,16,16,200,0.1,l1,0.7,0.7,5,80,0.01,0.1,10,0.120380714,0.879619286,1.059490095,0.5
5,16,16,100,0.2,l2,0.7,0.7,9,144,1,10,10,0.120395016,0.879604984,1.059448735,0.506254776
5,16,16,100,0.2,l2,0.9,0.9,7,112,0.1,1,10,0.120420964,0.879579036,1.059949719,0.506313556
5,16,16,200,0.1,l1,0.5,0.5,3,48,0.1,1,10,0.120658234,0.879341766,1.059479668,0.513925627
5,16,16,200,0.1,l1,0.9,0.9,3,48,1,10,10,0.120670787,0.879329213,1.059305971,0.507590696
5,16,16,100,0.2,l1,0.7,0.7,5,80,0.01,0.1,10,0.120726424,0.879273576,1.059005919,0.5
5,16,16,100,0.2,l1,0.9,0.9,7,112,1,10,10,0.120734507,0.879265493,1.060306079,0.507590696
5,16,16,200,0.1,l2,0.9,0.9,3,48,1,10,10,0.120759017,0.879240983,1.059305971,0.506254776
5,16,16,200,0.1,l2,0.9,0.9,5,80,0.01,0.1,10,0.120770477,0.879229523,1.059473196,0.50672502
5,16,16,200,0.1,l1,0.5,0.5,9,144,1,10,10,0.120788395,0.879211605,1.060007059,0.507590696
5,16,16,100,0.2,l2,0.9,0.9,7,112,1,10,10,0.120811921,0.879188079,1.060306079,0.506254776
5,16,16,200,0.1,l2,0.5,0.5,9,144,1,10,10,0.120862341,0.879137659,1.060007059,0.506254776
5,16,16,100,0.2,l2,0.5,0.5,9,144,0.1,1,10,0.120953803,0.879046197,1.059493685,0.506313556
5,16,16,200,0.1,l2,0.5,0.5,5,80,0.01,0.1,10,0.120993814,0.879006186,1.059708053,0.50672502
5,16,16,100,0.2,l2,0.7,0.7,9,144,0.1,1,10,0.121034548,0.878965452,1.05954864,0.506313556
5,16,16,200,0.1,l2,0.7,0.7,5,80,0.01,0.1,10,0.121162793,0.878837207,1.059490095,0.50672502
5,16,16,200,0.1,l2,0.7,0.7,3,48,0.1,1,10,0.121178685,0.878821315,1.059079305,0.506313556
5,16,16,100,0.2,l1,0.5,0.5,9,144,1,10,10,0.121228003,0.878771997,1.059605898,0.507590696
5,16,16,100,0.2,l2,0.5,0.5,9,144,1,10,10,0.121294966,0.878705034,1.059605898,0.506254776
5,16,16,100,0.2,l1,0.5,0.5,3,48,1,10,10,0.12130761,0.87869239,1.0593808,0.507590696
9,64,64,100,0.2,l1,0.7,0.7,9,144,0.1,1,10,0.12132555,0.878683445,1.097249831,0.513925627
5,16,16,100,0.2,l1,0.9,0.9,3,48,0.1,1,10,0.12135439,0.87864561,1.058933334,0.513925627
9,64,64,100,0.2,l2,0.7,0.7,5,80,0.1,1,10,0.121387236,0.878612764,1.090588971,0.506313556
5,16,16,100,0.2,l1,0.5,0.5,3,48,0.1,1,10,0.121390522,0.878609478,1.059683224,0.513925627
5,16,16,100,0.2,l2,0.5,0.5,3,48,1,10,10,0.121398705,0.878601295,1.0593808,0.506254776
5,16,16,200,0.1,l1,0.5,0.5,3,48,1,10,10,0.121455901,0.878544099,1.059522165,0.507590696
5,16,16,200,0.1,l2,0.5,0.5,3,48,1,10,10,0.121546242,0.878453758,1.059522165,0.506254776
5,16,16,200,0.1,l2,0.5,0.5,3,48,0.1,1,10,0.12154949,0.87845051,1.059479668,0.506313556
5,16,16,100,0.2,l2,0.5,0.5,5,80,0.01,0.1,10,0.121621256,0.878378744,1.059884659,0.50672502
5,16,16,200,0.1,l1,0.7,0.7,3,48,1,10,10,0.121770329,0.878229671,1.059310189,0.507590696
5,16,16,200,0.1,l2,0.7,0.7,3,48,1,10,10,0.121860022,0.878139978,1.059310189,0.506254776
5,16,16,100,0.2,l2,0.7,0.7,5,80,0.01,0.1,10,0.122022733,0.877977267,1.059005919,0.50672502
5,16,16,200,0.1,l1,0.7,0.7,5,80,0.1,1,10,0.122050507,0.877949493,1.059478383,0.513925627
5,16,16,100,0.2,l1,0.7,0.7,3,48,0.1,1,10,0.122074836,0.877925164,1.058881255,0.513925627
5,16,16,200,0.1,l1,0.9,0.9,5,80,0.1,1,10,0.122136283,0.877863717,1.059462307,0.513925627
5,16,16,100,0.2,l1,0.9,0.9,5,80,0.1,1,10,0.12217194,0.87782806,1.058879342,0.513925627
5,16,16,100,0.2,l2,0.5,0.5,3,48,0.1,1,10,0.12230865,0.87769135,1.059683224,0.506313556
5,16,16,100,0.2,l2,0.9,0.9,3,48,0.1,1,10,0.122371967,0.877628033,1.058933334,0.506313556
5,16,16,200,0.1,l1,0.5,0.5,5,80,0.1,1,10,0.122458417,0.877541583,1.05970244,0.513925627
9,64,64,100,0.2,l2,0.7,0.7,9,144,0.1,1,10,0.122466132,0.877533868,1.097249831,0.506313556
5,16,16,200,0.1,l2,0.7,0.7,5,80,0.1,1,10,0.122870588,0.877129412,1.059478383,0.506313556
5,16,16,200,0.1,l1,0.7,0.7,5,80,1,10,10,0.122882873,0.877117127,1.059205817,0.507590696
5,16,16,200,0.1,l2,0.9,0.9,5,80,0.1,1,10,0.122930892,0.877069108,1.059462307,0.506313556
5,16,16,200,0.1,l2,0.7,0.7,5,80,1,10,10,0.122961807,0.877038193,1.059205817,0.506254776
5,16,16,100,0.2,l2,0.9,0.9,5,80,0.1,1,10,0.123043172,0.876956828,1.058879342,0.506313556
5,16,16,100,0.2,l1,0.7,0.7,5,80,1,10,10,0.123073062,0.876926938,1.058957571,0.507590696
5,16,16,100,0.2,l2,0.7,0.7,3,48,0.1,1,10,0.123141389,0.876858611,1.058881255,0.506313556
5,16,16,100,0.2,l2,0.7,0.7,5,80,1,10,10,0.123150762,0.876849238,1.058957571,0.506254776
5,16,16,200,0.1,l1,0.9,0.9,5,80,1,10,10,0.123170035,0.876829965,1.059243349,0.507590696
5,16,16,100,0.2,l1,0.7,0.7,5,80,0.1,1,10,0.123209677,0.876790323,1.059212455,0.513925627
5,16,16,200,0.1,l2,0.9,0.9,5,80,1,10,10,0.123242369,0.876757631,1.059243349,0.506254776
5,16,16,100,0.2,l1,0.9,0.9,3,48,1,10,10,0.123257692,0.876742308,1.059044785,0.507590696
5,16,16,200,0.1,l2,0.5,0.5,5,80,0.1,1,10,0.123295044,0.876704956,1.05970244,0.506313556
5,16,16,100,0.2,l2,0.9,0.9,3,48,1,10,10,0.123348207,0.876651793,1.059044785,0.506254776
5,16,16,100,0.2,l1,0.5,0.5,5,80,0.1,1,10,0.12339772,0.87660228,1.059870706,0.513925627
5,16,16,200,0.1,l1,0.5,0.5,5,80,1,10,10,0.123555658,0.876444342,1.059403321,0.507590696
5,16,16,200,0.1,l2,0.5,0.5,5,80,1,10,10,0.123632737,0.876367263,1.059403321,0.506254776
5,16,16,100,0.2,l1,0.7,0.7,3,48,1,10,10,0.123785382,0.876214618,1.059545773,0.507590696
5,16,16,100,0.2,l2,0.7,0.7,3,48,1,10,10,0.123885804,0.876114196,1.059545773,0.506254776
5,16,16,100,0.2,l2,0.7,0.7,5,80,0.1,1,10,0.124087255,0.875912745,1.059212455,0.506313556
5,16,16,100,0.2,l2,0.5,0.5,5,80,0.1,1,10,0.124187154,0.875812846,1.059870706,0.506313556
5,16,16,100,0.2,l1,0.5,0.5,5,80,1,10,10,0.124232415,0.875767585,1.059541457,0.507590696
5,16,16,100,0.2,l2,0.5,0.5,5,80,1,10,10,0.124324411,0.875675589,1.059541457,0.506254776
5,16,16,100,0.2,l1,0.9,0.9,5,80,1,10,10,0.124543969,0.875456031,1.058749106,0.507590696
5,16,16,100,0.2,l2,0.9,0.9,5,80,1,10,10,0.124632949,0.875367051,1.058749106,0.506254776
9,64,64,100,0.2,l1,0.7,0.7,1,16,0.1,1,5,0.293049505,0.706950495,1.095515216,0.513925627
9,64,64,100,0.2,l2,0.7,0.7,1,16,0.1,1,5,0.293833844,0.706166156,1.095515216,0.506313556
9,64,64,100,0.2,l1,0.7,0.7,7,112,0.01,0.1,5,0.297052647,0.702947353,1.076689436,0.5
9,64,64,200,0.1,l1,0.9,0.9,1,16,1,10,5,0.298526144,0.701473856,1.095444492,0.507590696
9,64,64,200,0.1,l2,0.9,0.9,1,16,1,10,5,0.2985923,0.7014077,1.095444492,0.506254776
7,32,32,100,0.2,l1,0.5,0.5,9,144,0.01,0.1,5,0.298697887,0.701302113,1.080101081,0.5
9,64,64,100,0.2,l2,0.7,0.7,7,112,0.01,0.1,5,0.298700871,0.701299129,1.076689436,0.50672502
9,64,64,200,0.1,l1,0.7,0.7,1,16,0.01,0.1,5,0.298797171,0.701202829,1.089773346,0.5
7,32,32,100,0.2,l2,0.7,0.7,1,16,0.01,0.1,5,0.299043684,0.70095632,1.083277596,0.50672502
7,32,32,100,0.2,l1,0.7,0.7,1,16,0.01,0.1,5,0.299132295,0.700867705,1.083277596,0.5
9,64,64,200,0.1,l2,0.7,0.7,1,16,0.01,0.1,5,0.299519976,0.700480024,1.089773346,0.50672502
9,64,64,100,0.2,l1,0.5,0.5,7,112,0.01,0.1,5,0.299678641,0.700321359,1.083867623,0.5
7,32,32,100,0.2,l1,0.9,0.9,1,16,0.01,0.1,5,0.300169878,0.699830122,1.09127365,0.5
7,32,32,100,0.2,l1,0.7,0.7,9,144,1,10,5,0.300458639,0.699541361,1.075986406,0.507590696
9,64,64,100,0.2,l1,0.5,0.5,3,48,0.01,0.1,5,0.300520144,0.699479856,1.104444293,0.5
7,32,32,100,0.2,l2,0.7,0.7,9,144,1,10,5,0.300525008,0.699474992,1.075986406,0.506254776
9,64,64,200,0.1,l1,0.9,0.9,7,112,0.01,0.1,5,0.300552925,0.699447075,1.091435272,0.5
7,32,32,100,0.2,l1,0.9,0.9,7,112,0.01,0.1,5,0.300684597,0.699315403,1.073570785,0.5
7,32,32,200,0.1,l1,0.9,0.9,1,16,0.1,1,5,0.300800328,0.699199672,1.078299913,0.513925627
9,64,64,100,0.2,l1,0.5,0.5,1,16,1,10,5,0.300912783,0.699087217,1.079807581,0.507590696
9,64,64,200,0.1,l1,0.5,0.5,7,112,0.1,1,5,0.300953654,0.699046346,1.084896773,0.513925627
9,64,64,100,0.2,l2,0.5,0.5,1,16,1,10,5,0.300969239,0.699030761,1.079807581,0.506254776
9,64,64,200,0.1,l1,0.9,0.9,7,112,0.1,1,5,0.300976565,0.699023435,1.090448181,0.513925627
7,32,32,100,0.2,l1,0.9,0.9,1,16,0.1,1,5,0.301236188,0.698763812,1.08218731,0.513925627
9,64,64,200,0.1,l1,0.5,0.5,7,112,0.01,0.1,5,0.301454307,0.698545693,1.085546469,0.5
7,32,32,200,0.1,l2,0.9,0.9,1,16,0.1,1,5,0.301493999,0.698506001,1.078299913,0.506313556
9,64,64,100,0.2,l1,0.7,0.7,7,112,0.1,1,5,0.301561953,0.698438047,1.086639957,0.513925627
9,64,64,200,0.1,l2,0.9,0.9,7,112,0.1,1,5,0.301644109,0.698355891,1.090448181,0.506313556
9,64,64,100,0.2,l2,0.5,0.5,3,48,0.01,0.1,5,0.301743116,0.698256884,1.104444293,0.50672502
9,64,64,100,0.2,l1,0.5,0.5,3,48,0.1,1,5,0.301791288,0.698208712,1.101631995,0.513925627
9,64,64,200,0.1,l2,0.5,0.5,7,112,0.1,1,5,0.301802363,0.698197637,1.084896773,0.506313556
9,64,64,200,0.1,l1,0.7,0.7,1,16,0.1,1,5,0.301828112,0.698171888,1.094398358,0.513925627
7,32,32,100,0.2,l2,0.9,0.9,1,16,0.1,1,5,0.301848881,0.698151119,1.08218731,0.506313556
7,32,32,200,0.1,l2,0.5,0.5,1,16,0.01,0.1,5,0.301893594,0.698106406,1.072543297,0.50672502
7,32,32,200,0.1,l1,0.5,0.5,1,16,0.01,0.1,5,0.302102702,0.697897298,1.072543297,0.5
9,64,64,100,0.2,l2,0.7,0.7,7,112,0.1,1,5,0.302327584,0.697672416,1.086639957,0.506313556
7,32,32,200,0.1,l1,0.9,0.9,3,48,0.01,0.1,5,0.30233397,0.69766603,1.078529654,0.5
7,32,32,100,0.2,l1,0.5,0.5,7,112,1,10,5,0.302371767,0.697628233,1.073930741,0.507590696
9,64,64,100,0.2,l2,0.5,0.5,7,112,0.01,0.1,5,0.302380238,0.697619762,1.083867623,0.50672502
7,32,32,100,0.2,l2,0.5,0.5,7,112,1,10,5,0.302446593,0.697553407,1.073930741,0.506254776
7,32,32,100,0.2,l1,0.5,0.5,7,112,0.01,0.1,5,0.302448953,0.697551047,1.079436079,0.5
9,64,64,200,0.1,l2,0.7,0.7,1,16,0.1,1,5,0.302472094,0.697527906,1.094398358,0.506313556
9,64,64,200,0.1,l2,0.9,0.9,7,112,0.01,0.1,5,0.302606092,0.697393908,1.091435272,0.50672502
7,32,32,200,0.1,l1,0.7,0.7,1,16,0.01,0.1,5,0.302632337,0.697367663,1.079546846,0.5
7,32,32,100,0.2,l1,0.7,0.7,1,16,1,10,5,0.302647729,0.697352271,1.076696251,0.507590696
9,64,64,100,0.2,l2,0.5,0.5,3,48,0.1,1,5,0.302682219,0.697317781,1.101631995,0.506313556
7,32,32,100,0.2,l2,0.7,0.7,1,16,1,10,5,0.302718197,0.697281803,1.076696251,0.506254776
7,32,32,200,0.1,l2,0.9,0.9,3,48,0.01,0.1,5,0.302790967,0.697209033,1.078529654,0.50672502
9,64,64,200,0.1,l1,0.9,0.9,9,144,0.01,0.1,5,0.302867184,0.697132816,1.093801719,0.5
9,64,64,200,0.1,l2,0.9,0.9,5,80,0.01,0.1,5,0.302930136,0.697069864,1.103146595,0.50672502
9,64,64,100,0.2,l1,0.9,0.9,3,48,0.01,0.1,5,0.302946481,0.697053519,1.108417155,0.5
7,32,32,100,0.2,l2,0.5,0.5,9,144,0.01,0.1,5,0.302993135,0.697006865,1.080101081,0.50672502
7,32,32,100,0.2,l1,0.7,0.7,1,16,0.1,1,5,0.303012435,0.696987565,1.079228148,0.513925627
7,32,32,100,0.2,l2,0.9,0.9,1,16,0.01,0.1,5,0.303085743,0.696914257,1.09127365,0.50672502
7,32,32,200,0.1,l1,0.9,0.9,1,16,0.01,0.1,5,0.303111725,0.696888275,1.08215281,0.5
7,32,32,200,0.1,l1,0.9,0.9,7,112,0.01,0.1,5,0.303170101,0.696829899,1.069588204,0.5
7,32,32,100,0.2,l2,0.9,0.9,7,112,0.01,0.1,5,0.303431053,0.696568947,1.073570785,0.50672502
9,64,64,100,0.2,l1,0.5,0.5,3,48,1,10,5,0.303505802,0.696494198,1.102390181,0.507590696
9,64,64,100,0.2,l2,0.5,0.5,3,48,1,10,5,0.303586296,0.696413704,1.102390181,0.506254776
7,32,32,200,0.1,l1,0.7,0.7,1,16,0.1,1,5,0.3036624,0.6963376,1.078153959,0.513925627
7,32,32,200,0.1,l1,0.5,0.5,7,112,0.01,0.1,5,0.303699096,0.696300904,1.071228986,0.5
9,64,64,200,0.1,l1,0.7,0.7,5,80,1,10,5,0.303746396,0.696253604,1.090052415,0.507590696
9,64,64,100,0.2,l1,0.7,0.7,3,48,1,10,5,0.303794613,0.696205387,1.100063574,0.507590696
7,32,32,100,0.2,l2,0.7,0.7,1,16,0.1,1,5,0.303798683,0.696201317,1.079228148,0.506313556
9,64,64,200,0.1,l1,0.9,0.9,5,80,1,10,5,0.303805678,0.696194322,1.094651322,0.507590696
9,64,64,200,0.1,l2,0.7,0.7,5,80,1,10,5,0.303824233,0.696175767,1.090052415,0.506254776
9,64,64,100,0.2,l2,0.7,0.7,3,48,1,10,5,0.303855097,0.696144903,1.100063574,0.506254776
9,64,64,200,0.1,l2,0.9,0.9,5,80,1,10,5,0.303882517,0.696117483,1.094651322,0.506254776
7,32,32,200,0.1,l2,0.9,0.9,1,16,0.01,0.1,5,0.303917639,0.696082361,1.08215281,0.50672502
9,64,64,100,0.2,l1,0.7,0.7,9,144,1,10,5,0.303928948,0.696071052,1.094624664,0.507590696
7,32,32,200,0.1,l2,0.9,0.9,7,112,0.1,1,5,0.303929579,0.696070421,1.073691105,0.506313556
9,64,64,100,0.2,l2,0.7,0.7,9,144,1,10,5,0.304004505,0.695995495,1.094624664,0.506254776
7,32,32,200,0.1,l2,0.7,0.7,1,16,0.01,0.1,5,0.304006418,0.695993582,1.079546846,0.50672502
9,64,64,100,0.2,l1,0.7,0.7,1,16,1,10,5,0.304010679,0.695989321,1.093575389,0.507590696
9,64,64,200,0.1,l1,0.7,0.7,7,112,0.1,1,5,0.304043653,0.695956347,1.080647561,0.513925627
9,64,64,100,0.2,l2,0.7,0.7,1,16,1,10,5,0.304104824,0.695895176,1.093575389,0.506254776
7,32,32,200,0.1,l2,0.5,0.5,3,48,0.01,0.1,5,0.304240407,0.695759593,1.085379449,0.50672502
7,32,32,100,0.2,l1,0.7,0.7,5,80,0.1,1,5,0.304311313,0.695688687,1.072603237,0.513925627
9,64,64,200,0.1,l1,0.9,0.9,7,112,1,10,5,0.304382783,0.695617217,1.087706619,0.507590696
9,64,64,200,0.1,l1,0.5,0.5,7,112,1,10,5,0.304406947,0.695593053,1.086443125,0.507590696
7,32,32,200,0.1,l2,0.7,0.7,1,16,0.1,1,5,0.3044242,0.6955758,1.078153959,0.506313556
9,64,64,200,0.1,l1,0.9,0.9,5,80,0.01,0.1,5,0.304434774,0.695565226,1.103146595,0.5
9,64,64,200,0.1,l2,0.9,0.9,7,112,1,10,5,0.304440437,0.695559563,1.087706619,0.506254776
9,64,64,100,0.2,l1,0.9,0.9,5,80,0.01,0.1,5,0.304459347,0.695540653,1.110510452,0.5
9,64,64,200,0.1,l2,0.5,0.5,7,112,1,10,5,0.304479594,0.695520406,1.086443125,0.506254776
9,64,64,200,0.1,l1,0.9,0.9,5,80,0.1,1,5,0.304627297,0.695372703,1.098810826,0.513925627
9,64,64,200,0.1,l2,0.7,0.7,7,112,0.1,1,5,0.304828429,0.695171571,1.080647561,0.506313556
9,64,64,200,0.1,l1,0.7,0.7,7,112,0.01,0.1,5,0.304879795,0.695120205,1.081017404,0.5
9,64,64,200,0.1,l2,0.9,0.9,9,144,0.01,0.1,5,0.304910339,0.695089661,1.093801719,0.50672502
9,64,64,200,0.1,l1,0.7,0.7,9,144,0.01,0.1,5,0.304931744,0.695068256,1.083041542,0.5
9,64,64,100,0.2,l2,0.9,0.9,3,48,0.01,0.1,5,0.304968499,0.695031501,1.108417155,0.50672502
9,64,64,200,0.1,l1,0.5,0.5,9,144,0.01,0.1,5,0.304992772,0.695007228,1.085638271,0.5
9,64,64,200,0.1,l2,0.5,0.5,7,112,0.01,0.1,5,0.30503299,0.69496701,1.085546469,0.50672502
9,64,64,100,0.2,l1,0.9,0.9,7,112,0.1,1,5,0.305033907,0.694966093,1.09255607,0.513925627
9,64,64,100,0.2,l1,0.5,0.5,1,16,0.01,0.1,5,0.305037374,0.694962626,1.087703284,0.5
7,32,32,100,0.2,l2,0.7,0.7,5,80,0.1,1,5,0.305067475,0.694932525,1.072603237,0.506313556
9,64,64,200,0.1,l1,0.9,0.9,3,48,1,10,5,0.305078711,0.694921289,1.099810016,0.507590696
9,64,64,100,0.2,l1,0.9,0.9,7,112,0.01,0.1,5,0.30510032,0.694899684,1.089163613,0.5
9,64,64,200,0.1,l2,0.9,0.9,3,48,1,10,5,0.305147169,0.694852831,1.099810016,0.506254776
7,32,32,200,0.1,l1,0.5,0.5,3,48,0.01,0.1,5,0.305151835,0.694848165,1.085379449,0.5
7,32,32,100,0.2,l1,0.7,0.7,5,80,0.01,0.1,5,0.305164072,0.694835928,1.072942519,0.5
9,64,64,200,0.1,l2,0.9,0.9,5,80,0.1,1,5,0.305172594,0.694827406,1.098810826,0.506313556
7,32,32,100,0.2,l1,0.7,0.7,9,144,0.01,0.1,5,0.305232022,0.694767978,1.073782393,0.5
7,32,32,200,0.1,l1,0.9,0.9,7,112,0.1,1,5,0.305309382,0.694690618,1.073691105,0.513925627
7,32,32,200,0.1,l1,0.9,0.9,1,16,1,10,5,0.305331588,0.694668412,1.078599137,0.507590696
9,64,64,200,0.1,l1,0.9,0.9,9,144,1,10,5,0.305347314,0.694652686,1.098672089,0.507590696
7,32,32,200,0.1,l2,0.9,0.9,1,16,1,10,5,0.305379192,0.694620808,1.078599137,0.506254776
9,64,64,200,0.1,l1,0.7,0.7,9,144,0.1,1,5,0.305405639,0.694594361,1.088191393,0.513925627
9,64,64,200,0.1,l2,0.9,0.9,9,144,1,10,5,0.305406929,0.694593071,1.098672089,0.506254776
7,32,32,200,0.1,l1,0.5,0.5,1,16,0.1,1,5,0.305516188,0.694483812,1.075434624,0.513925627
9,64,64,100,0.2,l2,0.5,0.5,1,16,0.01,0.1,5,0.305594694,0.694405306,1.087703284,0.50672502
9,64,64,100,0.2,l2,0.9,0.9,7,112,0.1,1,5,0.305681469,0.694318531,1.09255607,0.506313556
7,32,32,100,0.2,l1,0.5,0.5,7,112,0.1,1,5,0.305687424,0.694312576,1.081440946,0.513925627
7,32,32,200,0.1,l2,0.9,0.9,7,112,0.01,0.1,5,0.305809253,0.694190747,1.069588204,0.50672502
9,64,64,100,0.2,l1,0.5,0.5,7,112,0.1,1,5,0.305821395,0.694178605,1.09759241,0.513925627
9,64,64,100,0.2,l2,0.9,0.9,7,112,0.01,0.1,5,0.305868543,0.694131457,1.089163613,0.50672502
9,64,64,100,0.2,l1,0.9,0.9,9,144,0.1,1,5,0.30587383,0.69412617,1.09366998,0.513925627
7,32,32,100,0.2,l1,0.5,0.5,1,16,0.01,0.1,5,0.30596123,0.69403877,1.078526694,0.5
9,64,64,200,0.1,l2,0.7,0.7,9,144,0.01,0.1,5,0.305982754,0.694017246,1.083041542,0.50672502
9,64,64,200,0.1,l1,0.5,0.5,1,16,0.01,0.1,5,0.305992148,0.694007852,1.081917053,0.5
9,64,64,100,0.2,l1,0.5,0.5,5,80,1,10,5,0.306075005,0.693924995,1.096384987,0.507590696
9,64,64,100,0.2,l1,0.9,0.9,1,16,0.01,0.1,5,0.30609383,0.69390617,1.093710816,0.5
9,64,64,100,0.2,l2,0.5,0.5,5,80,1,10,5,0.306130246,0.693869754,1.096384987,0.506254776
7,32,32,200,0.1,l2,0.5,0.5,1,16,0.1,1,5,0.306176299,0.693823701,1.075434624,0.506313556
7,32,32,100,0.2,l1,0.9,0.9,7,112,0.1,1,5,0.306281472,0.693718528,1.070036558,0.513925627
9,64,64,100,0.2,l2,0.9,0.9,1,16,0.01,0.1,5,0.306392318,0.693607682,1.093710816,0.50672502
7,32,32,200,0.1,l1,0.5,0.5,9,144,1,10,5,0.306416743,0.693583257,1.074790733,0.507590696
9,64,64,100,0.2,l2,0.9,0.9,9,144,0.1,1,5,0.30641714,0.69358286,1.09366998,0.506313556
9,64,64,200,0.1,l2,0.7,0.7,9,144,0.1,1,5,0.306564419,0.693435581,1.088191393,0.506313556
9,64,64,100,0.2,l2,0.5,0.5,7,112,0.1,1,5,0.306581989,0.693418011,1.09759241,0.506313556
7,32,32,100,0.2,l2,0.5,0.5,7,112,0.1,1,5,0.306626998,0.693373002,1.081440946,0.506313556
9,64,64,100,0.2,l1,0.7,0.7,9,144,0.01,0.1,5,0.306630093,0.693369907,1.093778964,0.5
7,32,32,200,0.1,l1,0.5,0.5,3,48,1,10,5,0.30664681,0.69335319,1.080152391,0.507590696
9,64,64,100,0.2,l1,0.5,0.5,7,112,1,10,5,0.30668821,0.69331179,1.08345861,0.507590696
7,32,32,200,0.1,l2,0.5,0.5,9,144,1,10,5,0.306703238,0.693296762,1.074790733,0.506254776
7,32,32,200,0.1,l2,0.5,0.5,3,48,1,10,5,0.306716174,0.693283826,1.080152391,0.506254776
7,32,32,100,0.2,l1,0.5,0.5,3,48,1,10,5,0.306716926,0.693283074,1.084822763,0.507590696
9,64,64,100,0.2,l1,0.9,0.9,5,80,0.1,1,5,0.306728314,0.693271686,1.10225627,0.513925627
9,64,64,100,0.2,l2,0.5,0.5,7,112,1,10,5,0.306778362,0.693221638,1.08345861,0.506254776
7,32,32,100,0.2,l2,0.5,0.5,3,48,1,10,5,0.306779746,0.693220254,1.084822763,0.506254776
7,32,32,100,0.2,l2,0.5,0.5,7,112,0.01,0.1,5,0.306786366,0.693213634,1.079436079,0.50672502
7,32,32,100,0.2,l1,0.7,0.7,5,80,1,10,5,0.306815532,0.693184468,1.072927396,0.507590696
7,32,32,100,0.2,l2,0.7,0.7,5,80,1,10,5,0.30689179,0.69310821,1.072927396,0.506254776
9,64,64,200,0.1,l2,0.5,0.5,9,144,0.01,0.1,5,0.306945463,0.693054537,1.085638271,0.50672502
9,64,64,200,0.1,l1,0.9,0.9,3,48,0.01,0.1,5,0.306991116,0.693008884,1.110162743,0.5
7,32,32,100,0.2,l2,0.9,0.9,7,112,0.1,1,5,0.307058984,0.692941016,1.070036558,0.506313556
9,64,64,100,0.2,l1,0.7,0.7,5,80,1,10,5,0.307066221,0.692933779,1.094095889,0.507590696
7,32,32,200,0.1,l1,0.7,0.7,3,48,0.1,1,5,0.30709088,0.69290912,1.077707586,0.513925627
9,64,64,100,0.2,l2,0.7,0.7,5,80,1,10,5,0.30715206,0.69284794,1.094095889,0.506254776
7,32,32,200,0.1,l1,0.7,0.7,7,112,1,10,5,0.307245581,0.692754419,1.069052149,0.507590696
9,64,64,200,0.1,l1,0.5,0.5,9,144,0.1,1,5,0.30724605,0.69275395,1.087775595,0.513925627
7,32,32,100,0.2,l1,0.9,0.9,5,80,0.01,0.1,5,0.307288891,0.692711109,1.081914343,0.5
7,32,32,200,0.1,l2,0.7,0.7,7,112,1,10,5,0.307308352,0.692691648,1.069052149,0.506254776
7,32,32,200,0.1,l1,0.7,0.7,3,48,0.01,0.1,5,0.307309697,0.692690303,1.081428543,0.5
5,16,16,100,0.2,l1,0.7,0.7,1,16,0.01,0.1,5,0.307338016,0.692661984,1.058594092,0.5
7,32,32,200,0.1,l1,0.7,0.7,9,144,0.01,0.1,5,0.307414973,0.692585027,1.071667711,0.5
9,64,64,200,0.1,l2,0.5,0.5,9,144,0.1,1,5,0.307425525,0.692574475,1.087775595,0.506313556
9,64,64,200,0.1,l2,0.9,0.9,3,48,0.01,0.1,5,0.307438509,0.692561491,1.110162743,0.50672502
9,64,64,100,0.2,l1,0.7,0.7,5,80,0.01,0.1,5,0.307466813,0.692533187,1.099082006,0.5
9,64,64,200,0.1,l2,0.7,0.7,7,112,0.01,0.1,5,0.307486039,0.692513961,1.081017404,0.50672502
7,32,32,100,0.2,l2,0.5,0.5,3,48,0.01,0.1,5,0.307506675,0.692493325,1.089047773,0.50672502
7,32,32,200,0.1,l1,0.9,0.9,3,48,0.1,1,5,0.30762516,0.69237484,1.075803823,0.513925627
9,64,64,100,0.2,l1,0.9,0.9,3,48,0.1,1,5,0.307627398,0.692372602,1.108491381,0.513925627
7,32,32,100,0.2,l1,0.5,0.5,3,48,0.01,0.1,5,0.307641699,0.692358301,1.089047773,0.5
9,64,64,100,0.2,l2,0.9,0.9,5,80,0.1,1,5,0.307651027,0.692348973,1.10225627,0.506313556
7,32,32,200,0.1,l1,0.7,0.7,7,112,0.01,0.1,5,0.307694055,0.692305945,1.069150393,0.5
7,32,32,200,0.1,l1,0.9,0.9,7,112,1,10,5,0.307793109,0.692206891,1.073409107,0.507590696
7,32,32,200,0.1,l2,0.9,0.9,7,112,1,10,5,0.307858254,0.692141746,1.073409107,0.506254776
7,32,32,200,0.1,l2,0.5,0.5,7,112,0.01,0.1,5,0.307872466,0.692127534,1.071228986,0.50672502
5,16,16,100,0.2,l1,0.9,0.9,1,16,0.01,0.1,5,0.307893142,0.692106858,1.058475728,0.5
7,32,32,100,0.2,l2,0.7,0.7,5,80,0.01,0.1,5,0.307934702,0.692065298,1.072942519,0.50672502
7,32,32,100,0.2,l1,0.7,0.7,7,112,0.1,1,5,0.307969936,0.692030064,1.070909311,0.513925627
9,64,64,200,0.1,l1,0.9,0.9,3,48,0.1,1,5,0.307984896,0.692015104,1.109401125,0.513925627
7,32,32,100,0.2,l2,0.7,0.7,9,144,0.01,0.1,5,0.308021719,0.691978281,1.073782393,0.50672502
9,64,64,100,0.2,l2,0.9,0.9,5,80,0.01,0.1,5,0.308030938,0.691969062,1.110510452,0.50672502
9,64,64,200,0.1,l1,0.5,0.5,9,144,1,10,5,0.30806454,0.69193546,1.08819624,0.507590696
7,32,32,100,0.2,l1,0.7,0.7,9,144,0.1,1,5,0.308078057,0.691921943,1.071231955,0.513925627
9,64,64,200,0.1,l2,0.5,0.5,9,144,1,10,5,0.308125547,0.691874453,1.08819624,0.506254776
9,64,64,100,0.2,l2,0.9,0.9,3,48,0.1,1,5,0.308138946,0.691861054,1.108491381,0.506313556
5,16,16,200,0.1,l1,0.7,0.7,1,16,0.01,0.1,5,0.30817633,0.69182367,1.058399916,0.5
7,32,32,100,0.2,l1,0.9,0.9,9,144,0.1,1,5,0.308188191,0.691811809,1.077650025,0.513925627
9,64,64,200,0.1,l1,0.7,0.7,9,144,1,10,5,0.308241844,0.691758156,1.089171897,0.507590696
7,32,32,200,0.1,l1,0.7,0.7,5,80,0.01,0.1,5,0.308263387,0.691736613,1.074550879,0.5
7,32,32,200,0.1,l2,0.9,0.9,3,48,0.1,1,5,0.308288551,0.691711449,1.075803823,0.506313556
9,64,64,200,0.1,l2,0.7,0.7,9,144,1,10,5,0.308322902,0.691677098,1.089171897,0.506254776
7,32,32,100,0.2,l1,0.7,0.7,7,112,0.01,0.1,5,0.30834592,0.69165408,1.073095879,0.5
7,32,32,200,0.1,l2,0.7,0.7,3,48,0.1,1,5,0.308353613,0.691646387,1.077707586,0.506313556
9,64,64,200,0.1,l1,0.5,0.5,3,48,0.1,1,5,0.30838739,0.69161261,1.104516351,0.513925627
5,16,16,100,0.2,l1,0.5,0.5,1,16,0.01,0.1,5,0.308398189,0.691601811,1.058547725,0.5
7,32,32,100,0.2,l1,0.9,0.9,9,144,0.01,0.1,5,0.308474897,0.691525103,1.083220067,0.5
9,64,64,100,0.2,l1,0.9,0.9,1,16,1,10,5,0.308490163,0.691509837,1.098977301,0.507590696
9,64,64,200,0.1,l2,0.9,0.9,3,48,0.1,1,5,0.308494173,0.691505827,1.109401125,0.506313556
9,64,64,100,0.2,l2,0.9,0.9,1,16,1,10,5,0.308560352,0.691439648,1.098977301,0.506254776
7,32,32,100,0.2,l2,0.7,0.7,7,112,0.1,1,5,0.308569784,0.691430216,1.070909311,0.506313556
7,32,32,100,0.2,l1,0.9,0.9,1,16,1,10,5,0.308667561,0.691332439,1.080339321,0.507590696
5,16,16,200,0.1,l1,0.9,0.9,1,16,0.01,0.1,5,0.308733712,0.691266288,1.05852754,0.5
9,64,64,200,0.1,l1,0.7,0.7,5,80,0.01,0.1,5,0.308737355,0.691262645,1.090500885,0.5
9,64,64,100,0.2,l1,0.9,0.9,9,144,0.01,0.1,5,0.308737693,0.691262307,1.102285232,0.5
7,32,32,100,0.2,l2,0.7,0.7,9,144,0.1,1,5,0.308739755,0.691260245,1.071231955,0.506313556
7,32,32,100,0.2,l2,0.9,0.9,1,16,1,10,5,0.308741964,0.691258036,1.080339321,0.506254776
7,32,32,100,0.2,l2,0.5,0.5,1,16,0.01,0.1,5,0.308793628,0.691206372,1.078526694,0.50672502
9,64,64,200,0.1,l2,0.5,0.5,1,16,0.01,0.1,5,0.308842481,0.691157519,1.081917053,0.50672502
9,64,64,200,0.1,l2,0.7,0.7,5,80,0.01,0.1,5,0.308843468,0.691156532,1.090500885,0.50672502
9,64,64,100,0.2,l2,0.9,0.9,9,144,0.01,0.1,5,0.308855438,0.691144562,1.102285232,0.50672502
7,32,32,100,0.2,l2,0.9,0.9,9,144,0.1,1,5,0.308888983,0.691111017,1.077650025,0.506313556
9,64,64,200,0.1,l2,0.5,0.5,3,48,0.1,1,5,0.308926373,0.691073627,1.104516351,0.506313556
7,32,32,200,0.1,l1,0.9,0.9,9,144,1,10,5,0.308980793,0.691019207,1.078853128,0.507590696
7,32,32,200,0.1,l2,0.9,0.9,9,144,1,10,5,0.309034292,0.690965708,1.078853128,0.506254776
7,32,32,100,0.2,l1,0.9,0.9,5,80,0.1,1,5,0.309043746,0.690956254,1.078325054,0.513925627
9,64,64,200,0.1,l1,0.7,0.7,3,48,1,10,5,0.309078371,0.690921629,1.096983615,0.507590696
9,64,64,200,0.1,l1,0.5,0.5,5,80,0.1,1,5,0.309080727,0.690919273,1.092834661,0.513925627
9,64,64,200,0.1,l1,0.9,0.9,1,16,0.1,1,5,0.309091906,0.690908094,1.097204893,0.513925627
9,64,64,100,0.2,l1,0.9,0.9,9,144,1,10,5,0.309092291,0.690907709,1.094939537,0.507590696
9,64,64,100,0.2,l2,0.9,0.9,9,144,1,10,5,0.309148228,0.690851772,1.094939537,0.506254776
9,64,64,200,0.1,l2,0.7,0.7,3,48,1,10,5,0.309160457,0.690839543,1.096983615,0.506254776
9,64,64,200,0.1,l1,0.9,0.9,9,144,0.1,1,5,0.309208985,0.690791015,1.097901633,0.513925627
5,16,16,200,0.1,l1,0.5,0.5,1,16,0.01,0.1,5,0.309235268,0.690764732,1.058733973,0.5
7,32,32,100,0.2,l2,0.9,0.9,5,80,0.1,1,5,0.309246225,0.690753775,1.078325054,0.506313556
9,64,64,200,0.1,l1,0.5,0.5,1,16,0.1,1,5,0.309280978,0.690719022,1.084666367,0.513925627
9,64,64,200,0.1,l2,0.5,0.5,5,80,0.01,0.1,5,0.309308286,0.690691714,1.092899548,0.50672502
9,64,64,200,0.1,l2,0.7,0.7,3,48,0.01,0.1,5,0.30932481,0.69067519,1.097357851,0.50672502
9,64,64,200,0.1,l1,0.7,0.7,3,48,0.1,1,5,0.3093368,0.6906632,1.096694955,0.513925627
9,64,64,200,0.1,l1,0.5,0.5,3,48,1,10,5,0.309357393,0.690642607,1.101444659,0.507590696
9,64,64,200,0.1,l2,0.9,0.9,1,16,0.01,0.1,5,0.309419174,0.690580826,1.100096139,0.50672502
7,32,32,100,0.2,l1,0.5,0.5,9,144,0.1,1,5,0.30943274,0.69056726,1.078934025,0.513925627
9,64,64,200,0.1,l2,0.5,0.5,3,48,1,10,5,0.309443734,0.690556266,1.101444659,0.506254776
7,32,32,100,0.2,l1,0.5,0.5,5,80,1,10,5,0.30954291,0.69045709,1.085419387,0.507590696
7,32,32,200,0.1,l1,0.9,0.9,3,48,1,10,5,0.309551911,0.690448089,1.077473392,0.507590696
9,64,64,200,0.1,l1,0.7,0.7,1,16,1,10,5,0.309558289,0.690441711,1.08882093,0.507590696
7,32,32,100,0.2,l1,0.9,0.9,3,48,0.01,0.1,5,0.309589457,0.690410543,1.081150435,0.5
9,64,64,200,0.1,l1,0.5,0.5,5,80,1,10,5,0.30960666,0.69039334,1.095462776,0.507590696
9,64,64,100,0.2,l1,0.5,0.5,9,144,0.01,0.1,5,0.30961456,0.69038544,1.087489899,0.5
9,64,64,200,0.1,l2,0.7,0.7,1,16,1,10,5,0.30961615,0.69038385,1.08882093,0.506254776
7,32,32,200,0.1,l1,0.9,0.9,5,80,0.01,0.1,5,0.309618771,0.690381229,1.078617441,0.5
7,32,32,200,0.1,l2,0.9,0.9,3,48,1,10,5,0.309618807,0.690381193,1.077473392,0.506254776
7,32,32,200,0.1,l1,0.7,0.7,3,48,1,10,5,0.309622527,0.690377473,1.07241305,0.507590696
7,32,32,100,0.2,l2,0.5,0.5,5,80,1,10,5,0.309625828,0.690374172,1.085419387,0.506254776
7,32,32,100,0.2,l1,0.7,0.7,3,48,0.01,0.1,5,0.309628122,0.690371878,1.075123992,0.5
9,64,64,200,0.1,l2,0.5,0.5,5,80,1,10,5,0.309682376,0.690317624,1.095462776,0.506254776
7,32,32,100,0.2,l1,0.5,0.5,5,80,0.01,0.1,5,0.309692756,0.690307244,1.08206081,0.5
7,32,32,200,0.1,l2,0.7,0.7,3,48,1,10,5,0.309701826,0.690298174,1.07241305,0.506254776
9,64,64,200,0.1,l2,0.5,0.5,5,80,0.1,1,5,0.309717172,0.690282828,1.092834661,0.506313556
9,64,64,100,0.2,l2,0.7,0.7,9,144,0.01,0.1,5,0.30976948,0.69023052,1.093778964,0.50672502
7,32,32,100,0.2,l1,0.7,0.7,3,48,1,10,5,0.309808088,0.690191912,1.073978477,0.507590696
9,64,64,200,0.1,l2,0.9,0.9,1,16,0.1,1,5,0.309856036,0.690143964,1.097204893,0.506313556
7,32,32,100,0.2,l2,0.7,0.7,3,48,1,10,5,0.309873943,0.690126057,1.073978477,0.506254776
9,64,64,200,0.1,l1,0.7,0.7,3,48,0.01,0.1,5,0.309877789,0.690122211,1.097357851,0.5
9,64,64,200,0.1,l1,0.5,0.5,3,48,0.01,0.1,5,0.309913273,0.690086727,1.107041668,0.5
7,32,32,200,0.1,l2,0.7,0.7,7,112,0.01,0.1,5,0.309917693,0.690082307,1.069150393,0.50672502
7,32,32,100,0.2,l1,0.7,0.7,7,112,1,10,5,0.309973021,0.690026979,1.065892365,0.507590696
9,64,64,100,0.2,l1,0.7,0.7,3,48,0.1,1,5,0.309981887,0.690018113,1.103882297,0.513925627
7,32,32,200,0.1,l1,0.5,0.5,1,16,1,10,5,0.30998927,0.69001073,1.07474866,0.507590696
9,64,64,200,0.1,l2,0.9,0.9,9,144,0.1,1,5,0.309991397,0.690008603,1.097901633,0.506313556
7,32,32,100,0.2,l2,0.9,0.9,5,80,0.01,0.1,5,0.31001789,0.68998211,1.081914343,0.50672502
7,32,32,200,0.1,l1,0.5,0.5,7,112,0.1,1,5,0.310035246,0.689964754,1.073009669,0.513925627
7,32,32,100,0.2,l2,0.7,0.7,7,112,1,10,5,0.31006397,0.68993603,1.065892365,0.506254776
7,32,32,200,0.1,l2,0.5,0.5,1,16,1,10,5,0.310071487,0.689928513,1.07474866,0.506254776
9,64,64,200,0.1,l2,0.5,0.5,1,16,0.1,1,5,0.310079456,0.689920544,1.084666367,0.506313556
9,64,64,200,0.1,l2,0.7,0.7,3,48,0.1,1,5,0.310081451,0.689918549,1.096694955,0.506313556
9,64,64,200,0.1,l1,0.7,0.7,5,80,0.1,1,5,0.310127527,0.689872473,1.09038655,0.513925627
7,32,32,100,0.2,l2,0.5,0.5,9,144,0.1,1,5,0.310229094,0.689770906,1.078934025,0.506313556
7,32,32,200,0.1,l1,0.9,0.9,9,144,0.01,0.1,5,0.310326526,0.689673474,1.082190619,0.5
7,32,32,200,0.1,l1,0.5,0.5,7,112,1,10,5,0.310334073,0.689665927,1.072822276,0.507590696
9,64,64,100,0.2,l1,0.9,0.9,5,80,1,10,5,0.310342061,0.689657939,1.101067025,0.507590696
7,32,32,100,0.2,l1,0.7,0.7,3,48,0.1,1,5,0.310351426,0.689648574,1.077876691,0.513925627
7,32,32,200,0.1,l1,0.5,0.5,9,144,0.01,0.1,5,0.310421076,0.689578924,1.07623223,0.5
7,32,32,200,0.1,l2,0.5,0.5,7,112,1,10,5,0.31042409,0.68957591,1.072822276,0.506254776
9,64,64,100,0.2,l2,0.9,0.9,5,80,1,10,5,0.310426368,0.689573632,1.101067025,0.506254776
9,64,64,200,0.1,l1,0.5,0.5,5,80,0.01,0.1,5,0.310440731,0.689559269,1.092899548,0.5
7,32,32,200,0.1,l2,0.7,0.7,3,48,0.01,0.1,5,0.310467364,0.689532636,1.081428543,0.50672502
7,32,32,200,0.1,l1,0.7,0.7,1,16,1,10,5,0.310480261,0.689519739,1.074174094,0.507590696
7,32,32,200,0.1,l2,0.7,0.7,1,16,1,10,5,0.310561539,0.689438461,1.074174094,0.506254776
7,32,32,200,0.1,l1,0.7,0.7,9,144,1,10,5,0.3105922,0.6894078,1.071055939,0.507590696
9,64,64,100,0.2,l1,0.7,0.7,3,48,0.01,0.1,5,0.310629449,0.689370551,1.103444042,0.5
7,32,32,200,0.1,l1,0.9,0.9,5,80,0.1,1,5,0.310657632,0.689342368,1.07696774,0.513925627
7,32,32,200,0.1,l2,0.7,0.7,9,144,1,10,5,0.310666396,0.689333604,1.071055939,0.506254776
9,64,64,100,0.2,l2,0.7,0.7,3,48,0.1,1,5,0.3108186,0.6891814,1.103882297,0.506313556
7,32,32,200,0.1,l2,0.7,0.7,9,144,0.01,0.1,5,0.310839032,0.689160968,1.071667711,0.50672502
7,32,32,100,0.2,l1,0.9,0.9,9,144,1,10,5,0.310941485,0.689058515,1.077754772,0.507590696
7,32,32,200,0.1,l2,0.5,0.5,7,112,0.1,1,5,0.310944719,0.689055281,1.073009669,0.506313556
9,64,64,200,0.1,l2,0.7,0.7,5,80,0.1,1,5,0.310953194,0.689046806,1.09038655,0.506313556
7,32,32,200,0.1,l1,0.7,0.7,5,80,1,10,5,0.310953923,0.689046077,1.071541261,0.507590696
7,32,32,100,0.2,l2,0.9,0.9,9,144,1,10,5,0.311010426,0.688989574,1.077754772,0.506254776
7,32,32,200,0.1,l2,0.7,0.7,5,80,1,10,5,0.311050532,0.688949468,1.071541261,0.506254776
9,64,64,200,0.1,l1,0.9,0.9,1,16,0.01,0.1,5,0.311067324,0.688932676,1.100096139,0.5
7,32,32,100,0.2,l2,0.7,0.7,3,48,0.1,1,5,0.311141042,0.688858958,1.077876691,0.506313556
7,32,32,200,0.1,l1,0.5,0.5,5,80,1,10,5,0.31122055,0.68877945,1.076132545,0.507590696
7,32,32,200,0.1,l2,0.7,0.7,5,80,0.01,0.1,5,0.311263196,0.688736804,1.074550879,0.50672502
7,32,32,100,0.2,l2,0.9,0.9,9,144,0.01,0.1,5,0.31128273,0.68871727,1.083220067,0.50672502
7,32,32,200,0.1,l2,0.5,0.5,5,80,1,10,5,0.311311151,0.688688849,1.076132545,0.506254776
7,32,32,200,0.1,l1,0.5,0.5,9,144,0.1,1,5,0.311356278,0.688643722,1.076810053,0.513925627
7,32,32,100,0.2,l1,0.9,0.9,7,112,1,10,5,0.311436394,0.688563606,1.07612072,0.507590696
9,64,64,100,0.2,l1,0.7,0.7,1,16,0.01,0.1,5,0.31144492,0.68855508,1.101936641,0.5
7,32,32,100,0.2,l1,0.9,0.9,5,80,1,10,5,0.311467581,0.688532419,1.076819232,0.507590696
7,32,32,100,0.2,l2,0.9,0.9,5,80,1,10,5,0.311518988,0.688481012,1.076819232,0.506254776
7,32,32,100,0.2,l2,0.9,0.9,7,112,1,10,5,0.311521425,0.688478575,1.07612072,0.506254776
7,32,32,200,0.1,l2,0.9,0.9,5,80,0.1,1,5,0.311542457,0.688457543,1.07696774,0.506313556
7,32,32,200,0.1,l2,0.5,0.5,9,144,0.01,0.1,5,0.311612989,0.688387011,1.07623223,0.50672502
9,64,64,200,0.1,l2,0.5,0.5,3,48,0.01,0.1,5,0.311632707,0.688367293,1.107041668,0.50672502
7,32,32,200,0.1,l1,0.7,0.7,7,112,0.1,1,5,0.311715081,0.688284919,1.070863854,0.513925627
9,64,64,100,0.2,l1,0.7,0.7,7,112,1,10,5,0.311760207,0.688239793,1.082879343,0.507590696
5,16,16,200,0.1,l2,0.7,0.7,1,16,0.01,0.1,5,0.311767641,0.688232359,1.058399916,0.50672502
9,64,64,100,0.2,l1,0.9,0.9,1,16,0.1,1,5,0.311768451,0.688231549,1.104333678,0.513925627
7,32,32,200,0.1,l1,0.9,0.9,5,80,1,10,5,0.311822239,0.688177761,1.074554055,0.507590696
9,64,64,100,0.2,l2,0.7,0.7,7,112,1,10,5,0.311860114,0.688139886,1.082879343,0.506254776
7,32,32,200,0.1,l1,0.5,0.5,3,48,0.1,1,5,0.311877723,0.688122277,1.086413497,0.513925627
9,64,64,100,0.2,l1,0.5,0.5,1,16,0.1,1,5,0.311894622,0.688105378,1.089765977,0.513925627
7,32,32,200,0.1,l2,0.9,0.9,5,80,1,10,5,0.311903391,0.688096609,1.074554055,0.506254776
7,32,32,100,0.2,l1,0.5,0.5,5,80,0.1,1,5,0.311932908,0.688067092,1.085697598,0.513925627
7,32,32,100,0.2,l2,0.9,0.9,3,48,0.01,0.1,5,0.311947954,0.688052046,1.081150435,0.50672502
9,64,64,100,0.2,l2,0.5,0.5,5,80,0.01,0.1,5,0.312020559,0.687979441,1.094406926,0.50672502
7,32,32,100,0.2,l1,0.5,0.5,9,144,1,10,5,0.312038495,0.687961505,1.080200745,0.507590696
7,32,32,200,0.1,l2,0.5,0.5,9,144,0.1,1,5,0.312113518,0.687886482,1.076810053,0.506313556
7,32,32,100,0.2,l2,0.5,0.5,9,144,1,10,5,0.312126276,0.687873724,1.080200745,0.506254776
9,64,64,100,0.2,l2,0.7,0.7,5,80,0.01,0.1,5,0.312163881,0.687836119,1.099082006,0.50672502
7,32,32,100,0.2,l2,0.7,0.7,3,48,0.01,0.1,5,0.312189233,0.687810767,1.075123992,0.50672502
7,32,32,100,0.2,l2,0.5,0.5,5,80,0.01,0.1,5,0.312282927,0.687717073,1.08206081,0.50672502
7,32,32,100,0.2,l2,0.7,0.7,7,112,0.01,0.1,5,0.312347343,0.687652657,1.073095879,0.50672502
5,16,16,200,0.1,l2,0.9,0.9,1,16,0.01,0.1,5,0.312371543,0.687628457,1.05852754,0.50672502
9,64,64,100,0.2,l2,0.5,0.5,1,16,0.1,1,5,0.31237652,0.68762348,1.089765977,0.506313556
9,64,64,100,0.2,l1,0.5,0.5,5,80,0.01,0.1,5,0.312397349,0.687602651,1.094406926,0.5
7,32,32,200,0.1,l1,0.7,0.7,5,80,0.1,1,5,0.312452062,0.687547938,1.073389543,0.513925627
9,64,64,100,0.2,l2,0.9,0.9,1,16,0.1,1,5,0.312474121,0.687525879,1.104333678,0.506313556
9,64,64,100,0.2,l2,0.7,0.7,1,16,0.01,0.1,5,0.312483897,0.687516103,1.101936641,0.50672502
7,32,32,200,0.1,l2,0.7,0.7,7,112,0.1,1,5,0.312576387,0.687423613,1.070863854,0.506313556
7,32,32,100,0.2,l2,0.5,0.5,5,80,0.1,1,5,0.312691269,0.687308731,1.085697598,0.506313556
7,32,32,100,0.2,l1,0.9,0.9,3,48,0.1,1,5,0.312698773,0.687301227,1.081837718,0.513925627
7,32,32,200,0.1,l2,0.5,0.5,3,48,0.1,1,5,0.312722363,0.687277637,1.086413497,0.506313556
5,16,16,100,0.2,l2,0.9,0.9,1,16,0.01,0.1,5,0.312790354,0.687209646,1.058475728,0.50672502
5,16,16,200,0.1,l2,0.5,0.5,1,16,0.01,0.1,5,0.312813359,0.687186641,1.058733973,0.50672502
5,16,16,100,0.2,l2,0.7,0.7,1,16,0.01,0.1,5,0.312854375,0.687145625,1.058594092,0.50672502
9,64,64,100,0.2,l2,0.5,0.5,9,144,0.01,0.1,5,0.312928766,0.687071234,1.087489899,0.50672502
7,32,32,200,0.1,l1,0.9,0.9,9,144,0.1,1,5,0.313078827,0.686921173,1.079189327,0.513925627
7,32,32,200,0.1,l2,0.9,0.9,9,144,0.01,0.1,5,0.313180444,0.686819556,1.082190619,0.50672502
7,32,32,200,0.1,l1,0.5,0.5,5,80,0.01,0.1,5,0.313202296,0.686797704,1.076080898,0.5
7,32,32,200,0.1,l2,0.7,0.7,5,80,0.1,1,5,0.313207485,0.686792515,1.073389543,0.506313556
7,32,32,100,0.2,l1,0.5,0.5,3,48,0.1,1,5,0.313215452,0.686784548,1.089142326,0.513925627
9,64,64,200,0.1,l1,0.5,0.5,1,16,1,10,5,0.31333907,0.68666093,1.083498649,0.507590696
9,64,64,200,0.1,l2,0.5,0.5,1,16,1,10,5,0.313423564,0.686576436,1.083498649,0.506254776
9,64,64,100,0.2,l1,0.5,0.5,5,80,0.1,1,5,0.313547058,0.686452942,1.105792007,0.513925627
7,32,32,200,0.1,l1,0.7,0.7,9,144,0.1,1,5,0.313553295,0.686446705,1.07658206,0.513925627
7,32,32,100,0.2,l2,0.9,0.9,3,48,0.1,1,5,0.313609128,0.686390872,1.081837718,0.506313556
5,16,16,200,0.1,l1,0.9,0.9,1,16,0.1,1,5,0.313626107,0.686373893,1.058618332,0.513925627
5,16,16,100,0.2,l2,0.5,0.5,1,16,0.01,0.1,5,0.313663874,0.686336126,1.058547725,0.50672502
7,32,32,200,0.1,l2,0.9,0.9,9,144,0.1,1,5,0.313720567,0.686279433,1.079189327,0.506313556
9,64,64,100,0.2,l2,0.7,0.7,3,48,0.01,0.1,5,0.313797373,0.686202627,1.103444042,0.50672502
7,32,32,200,0.1,l2,0.9,0.9,5,80,0.01,0.1,5,0.313882753,0.686117247,1.078617441,0.50672502
9,64,64,100,0.2,l1,0.7,0.7,5,80,0.1,1,5,0.313909371,0.686090629,1.090588971,0.513925627
7,32,32,100,0.2,l2,0.5,0.5,3,48,0.1,1,5,0.314062822,0.685937178,1.089142326,0.506313556
5,16,16,200,0.1,l1,0.7,0.7,1,16,0.1,1,5,0.314141246,0.685858754,1.058563519,0.513925627
7,32,32,200,0.1,l2,0.7,0.7,9,144,0.1,1,5,0.314344788,0.685655212,1.07658206,0.506313556
9,64,64,200,0.1,l1,0.7,0.7,7,112,1,10,5,0.314345203,0.685654797,1.082340927,0.507590696
5,16,16,100,0.2,l1,0.7,0.7,1,16,0.1,1,5,0.31436682,0.68563318,1.058602711,0.513925627
5,16,16,200,0.1,l1,0.5,0.5,1,16,0.1,1,5,0.314371194,0.685628806,1.058644276,0.513925627
9,64,64,100,0.2,l2,0.5,0.5,5,80,0.1,1,5,0.314379699,0.685620301,1.105792007,0.506313556
9,64,64,200,0.1,l2,0.7,0.7,7,112,1,10,5,0.314429346,0.685570654,1.082340927,0.506254776
5,16,16,200,0.1,l2,0.9,0.9,1,16,0.1,1,5,0.314630665,0.685369335,1.058618332,0.506313556
7,32,32,100,0.2,l1,0.9,0.9,3,48,1,10,5,0.314680101,0.685319899,1.078441444,0.507590696
7,32,32,100,0.2,l1,0.5,0.5,1,16,0.1,1,5,0.314703033,0.685296967,1.08025957,0.513925627
7,32,32,100,0.2,l2,0.9,0.9,3,48,1,10,5,0.314767129,0.685232871,1.078441444,0.506254776
9,64,64,100,0.2,l1,0.5,0.5,9,144,0.1,1,5,0.314878757,0.685121243,1.091356861,0.513925627
9,64,64,100,0.2,l2,0.7,0.7,5,80,0.1,1,5,0.315095714,0.684904286,1.090588971,0.506313556
5,16,16,100,0.2,l1,0.9,0.9,1,16,0.1,1,5,0.315124898,0.684875102,1.058375261,0.513925627
5,16,16,100,0.2,l2,0.7,0.7,1,16,0.1,1,5,0.315139593,0.684860407,1.058602711,0.506313556
5,16,16,200,0.1,l2,0.7,0.7,1,16,0.1,1,5,0.31516038,0.68483962,1.058563519,0.506313556
5,16,16,200,0.1,l2,0.5,0.5,1,16,0.1,1,5,0.315168172,0.684831828,1.058644276,0.506313556
5,16,16,100,0.2,l1,0.5,0.5,7,112,0.01,0.1,5,0.31522104,0.68477896,1.06089882,0.5
5,16,16,200,0.1,l1,0.5,0.5,7,112,0.01,0.1,5,0.31532323,0.684683677,1.060229814,0.5
5,16,16,100,0.2,l1,0.5,0.5,1,16,0.1,1,5,0.315329712,0.684670288,1.058508526,0.513925627
7,32,32,100,0.2,l1,0.5,0.5,1,16,1,10,5,0.315389361,0.684610639,1.077954796,0.507590696
5,16,16,200,0.1,l1,0.9,0.9,7,112,0.01,0.1,5,0.315417976,0.684582024,1.060207393,0.5
7,32,32,100,0.2,l2,0.5,0.5,1,16,1,10,5,0.315471588,0.684528412,1.077954796,0.506254776
5,16,16,100,0.2,l1,0.7,0.7,7,112,0.01,0.1,5,0.31560994,0.68439006,1.059966284,0.5
9,64,64,100,0.2,l1,0.7,0.7,9,144,0.1,1,5,0.31565251,0.68434749,1.097249831,0.513925627
5,16,16,100,0.2,l1,0.7,0.7,1,16,1,10,5,0.315697835,0.684302165,1.058467882,0.507590696
9,64,64,100,0.2,l2,0.5,0.5,9,144,0.1,1,5,0.315742021,0.684257979,1.091356861,0.506313556
5,16,16,200,0.1,l1,0.5,0.5,1,16,1,10,5,0.315744154,0.684255846,1.058878161,0.507590696
5,16,16,200,0.1,l1,0.9,0.9,1,16,1,10,5,0.315764304,0.684235696,1.058592511,0.507590696
5,16,16,100,0.2,l2,0.7,0.7,1,16,1,10,5,0.31578255,0.68421745,1.058467882,0.506254776
5,16,16,200,0.1,l2,0.5,0.5,1,16,1,10,5,0.315824362,0.684175638,1.058878161,0.506254776
5,16,16,200,0.1,l2,0.9,0.9,1,16,1,10,5,0.315851005,0.684148995,1.058592511,0.506254776
5,16,16,200,0.1,l1,0.7,0.7,7,112,0.01,0.1,5,0.315959951,0.684040049,1.059882188,0.5
5,16,16,100,0.2,l2,0.9,0.9,1,16,0.1,1,5,0.315979293,0.684020707,1.058375261,0.506313556
5,16,16,100,0.2,l1,0.9,0.9,1,16,1,10,5,0.32019904,0.683980096,1.058743018,0.507590696
5,16,16,200,0.1,l1,0.7,0.7,1,16,1,10,5,0.32036153,0.683963847,1.058635312,0.507590696
9,64,64,100,0.2,l1,0.5,0.5,9,144,1,10,5,0.32044123,0.683955877,1.097085968,0.507590696
7,32,32,200,0.1,l1,0.5,0.5,5,80,0.1,1,5,0.3207,0.68393,1.07727161,0.513925627
7,32,32,200,0.1,l2,0.5,0.5,5,80,0.01,0.1,5,0.32082242,0.683917758,1.076080898,0.50672502
9,64,64,100,0.2,l2,0.5,0.5,9,144,1,10,5,0.32099801,0.683900199,1.097085968,0.506254776
5,16,16,100,0.2,l2,0.9,0.9,1,16,1,10,5,0.32105571,0.683894429,1.058743018,0.506254776
5,16,16,200,0.1,l2,0.7,0.7,1,16,1,10,5,0.32122244,0.683877756,1.058635312,0.506254776
5,16,16,100,0.2,l1,0.5,0.5,3,48,0.01,0.1,5,0.32145497,0.683854503,1.059446177,0.5
5,16,16,100,0.2,l2,0.5,0.5,1,16,0.1,1,5,0.32221409,0.683778591,1.058508526,0.506313556
7,32,32,100,0.2,l2,0.5,0.5,1,16,0.1,1,5,0.32228432,0.683771568,1.08025957,0.506313556
5,16,16,200,0.1,l1,0.9,0.9,3,48,0.01,0.1,5,0.32239386,0.683760614,1.059213055,0.5
9,64,64,100,0.2,l1,0.9,0.9,7,112,1,10,5,0.32263724,0.683736276,1.095425822,0.507590696
9,64,64,100,0.2,l2,0.9,0.9,7,112,1,10,5,0.3233908,0.68366092,1.095425822,0.506254776
5,16,16,100,0.2,l1,0.7,0.7,3,48,0.01,0.1,5,0.32391507,0.683608493,1.059093252,0.5
5,16,16,200,0.1,l1,0.7,0.7,9,144,0.01,0.1,5,0.32404411,0.683595589,1.059879365,0.5
5,16,16,200,0.1,l1,0.5,0.5,3,48,0.01,0.1,5,0.32781324,0.683218676,1.059473228,0.5
5,16,16,200,0.1,l1,0.7,0.7,3,48,0.01,0.1,5,0.32862891,0.683137109,1.05919509,0.5
5,16,16,200,0.1,l1,0.9,0.9,9,144,0.01,0.1,5,0.3294571,0.68305429,1.059932302,0.5
7,32,32,200,0.1,l2,0.5,0.5,5,80,0.1,1,5,0.317084797,0.682915203,1.07727161,0.506313556
9,64,64,100,0.2,l2,0.7,0.7,9,144,0.1,1,5,0.317270547,0.682729453,1.097249831,0.506313556
5,16,16,100,0.2,l2,0.5,0.5,7,112,0.01,0.1,5,0.317374697,0.682625303,1.06089882,0.50672502
5,16,16,200,0.1,l2,0.9,0.9,7,112,0.01,0.1,5,0.317454704,0.682545296,1.060207393,0.50672502
5,16,16,200,0.1,l1,0.5,0.5,9,144,0.01,0.1,5,0.317465235,0.682534765,1.059815407,0.5
5,16,16,200,0.1,l2,0.5,0.5,7,112,0.01,0.1,5,0.317472812,0.682527188,1.060229814,0.50672502
5,16,16,100,0.2,l1,0.9,0.9,9,144,0.01,0.1,5,0.317537393,0.682462607,1.05959043,0.5
5,16,16,100,0.2,l1,0.9,0.9,3,48,0.01,0.1,5,0.317541373,0.682458627,1.059135388,0.5
5,16,16,100,0.2,l1,0.5,0.5,1,16,1,10,5,0.31772242,0.68227758,1.058573605,0.507590696
5,16,16,100,0.2,l1,0.5,0.5,7,112,0.1,1,5,0.317745938,0.682254062,1.060902684,0.513925627
9,64,64,100,0.2,l1,0.9,0.9,3,48,1,10,5,0.317789367,0.682210633,1.10796827,0.507590696
5,16,16,100,0.2,l2,0.5,0.5,1,16,1,10,5,0.317808894,0.682191106,1.058573605,0.506254776
9,64,64,100,0.2,l2,0.9,0.9,3,48,1,10,5,0.317870708,0.682129292,1.10796827,0.506254776
5,16,16,200,0.1,l2,0.7,0.7,7,112,0.01,0.1,5,0.317897093,0.682102907,1.059882188,0.50672502
5,16,16,100,0.2,l1,0.7,0.7,9,144,0.01,0.1,5,0.318095047,0.681904953,1.059540626,0.5
5,16,16,100,0.2,l2,0.7,0.7,7,112,0.01,0.1,5,0.31811058,0.68188942,1.059966284,0.50672502
5,16,16,100,0.2,l1,0.5,0.5,9,144,0.01,0.1,5,0.318606648,0.681393352,1.059642492,0.5
5,16,16,100,0.2,l2,0.5,0.5,7,112,0.1,1,5,0.318630735,0.681369265,1.060902684,0.506313556
5,16,16,100,0.2,l1,0.9,0.9,7,112,0.01,0.1,5,0.319215003,0.680784997,1.059950243,0.5
5,16,16,100,0.2,l1,0.7,0.7,7,112,0.1,1,5,0.31938475,0.68061525,1.059959013,0.513925627
5,16,16,200,0.1,l1,0.5,0.5,5,80,0.01,0.1,5,0.31946692,0.68053308,1.059708053,0.5
5,16,16,200,0.1,l1,0.9,0.9,7,112,0.1,1,5,0.319674975,0.680325025,1.060100137,0.513925627
5,16,16,200,0.1,l1,0.7,0.7,7,112,0.1,1,5,0.319889974,0.680110026,1.059868898,0.513925627
5,16,16,200,0.1,l1,0.5,0.5,7,112,0.1,1,5,0.319937685,0.680062315,1.060295489,0.513925627
5,16,16,200,0.1,l2,0.7,0.7,9,144,0.01,0.1,5,0.319970252,0.680029748,1.059879365,0.50672502
5,16,16,100,0.2,l1,0.9,0.9,5,80,0.01,0.1,5,0.320050109,0.679949891,1.058886619,0.5
5,16,16,100,0.2,l1,0.5,0.5,5,80,0.01,0.1,5,0.320070738,0.679929262,1.059884659,0.5
5,16,16,100,0.2,l2,0.5,0.5,3,48,0.01,0.1,5,0.32012286,0.67987714,1.059446177,0.50672502
5,16,16,200,0.1,l1,0.9,0.9,5,80,0.01,0.1,5,0.320265254,0.679734746,1.059473196,0.5
5,16,16,200,0.1,l2,0.9,0.9,3,48,0.01,0.1,5,0.320402071,0.679597929,1.059213055,0.50672502
5,16,16,200,0.1,l2,0.9,0.9,9,144,0.01,0.1,5,0.320484291,0.679515709,1.059932302,0.50672502
5,16,16,200,0.1,l2,0.9,0.9,7,112,0.1,1,5,0.320496696,0.679503304,1.060100137,0.506313556
5,16,16,100,0.2,l2,0.7,0.7,7,112,0.1,1,5,0.320541694,0.679458306,1.059959013,0.506313556
5,16,16,100,0.2,l2,0.9,0.9,9,144,0.01,0.1,5,0.320636669,0.679363331,1.05959043,0.50672502
5,16,16,200,0.1,l1,0.9,0.9,7,112,1,10,5,0.320671826,0.679328174,1.059883639,0.507590696
5,16,16,200,0.1,l1,0.5,0.5,7,112,1,10,5,0.320679988,0.679320012,1.060451394,0.507590696
5,16,16,200,0.1,l2,0.5,0.5,9,144,0.01,0.1,5,0.32068753,0.67931247,1.059815407,0.50672502
5,16,16,200,0.1,l2,0.5,0.5,3,48,0.01,0.1,5,0.320728125,0.679271875,1.059473228,0.50672502
5,16,16,200,0.1,l2,0.9,0.9,7,112,1,10,5,0.320746333,0.679253667,1.059883639,0.506254776
5,16,16,200,0.1,l2,0.7,0.7,7,112,0.1,1,5,0.320752916,0.679247084,1.059868898,0.506313556
5,16,16,200,0.1,l2,0.5,0.5,7,112,0.1,1,5,0.320759211,0.679240789,1.060295489,0.506313556
5,16,16,200,0.1,l2,0.5,0.5,7,112,1,10,5,0.320759754,0.679240246,1.060451394,0.506254776
5,16,16,200,0.1,l1,0.7,0.7,5,80,0.01,0.1,5,0.320880261,0.679119739,1.059490095,0.5
5,16,16,200,0.1,l2,0.7,0.7,3,48,0.01,0.1,5,0.320900557,0.679099443,1.05919509,0.50672502
5,16,16,200,0.1,l1,0.7,0.7,7,112,1,10,5,0.321024491,0.678975509,1.060018131,0.507590696
5,16,16,200,0.1,l2,0.7,0.7,7,112,1,10,5,0.321101878,0.678898122,1.060018131,0.506254776
5,16,16,100,0.2,l2,0.9,0.9,3,48,0.01,0.1,5,0.321320044,0.678679956,1.059135388,0.50672502
5,16,16,100,0.2,l2,0.7,0.7,3,48,0.01,0.1,5,0.321320755,0.678679245,1.059093252,0.50672502
5,16,16,100,0.2,l1,0.7,0.7,5,80,0.01,0.1,5,0.32150168,0.67849832,1.059005919,0.5
5,16,16,200,0.1,l1,0.7,0.7,9,144,0.1,1,5,0.321572298,0.678427702,1.059932779,0.513925627
5,16,16,100,0.2,l2,0.9,0.9,7,112,0.01,0.1,5,0.321787243,0.678212757,1.059950243,0.50672502
5,16,16,200,0.1,l1,0.9,0.9,3,48,0.1,1,5,0.321900545,0.678099455,1.059199058,0.513925627
5,16,16,100,0.2,l1,0.7,0.7,7,112,1,10,5,0.32192285,0.67807715,1.05988367,0.507590696
5,16,16,200,0.1,l1,0.5,0.5,9,144,0.1,1,5,0.321934399,0.678065601,1.059983024,0.513925627
5,16,16,100,0.2,l2,0.7,0.7,7,112,1,10,5,0.322002954,0.677997046,1.05988367,0.506254776
5,16,16,100,0.2,l1,0.9,0.9,7,112,0.1,1,5,0.322011635,0.677988365,1.059949719,0.513925627
5,16,16,200,0.1,l1,0.9,0.9,9,144,0.1,1,5,0.322014035,0.677985965,1.059768327,0.513925627
5,16,16,100,0.2,l2,0.7,0.7,9,144,0.01,0.1,5,0.322109575,0.677890425,1.059540626,0.50672502
5,16,16,100,0.2,l1,0.5,0.5,3,48,1,10,5,0.322427388,0.677572612,1.0593808,0.507590696
5,16,16,200,0.1,l2,0.7,0.7,9,144,0.1,1,5,0.322441904,0.677558096,1.059932779,0.506313556
5,16,16,200,0.1,l1,0.7,0.7,3,48,0.1,1,5,0.322592504,0.677407496,1.059079305,0.513925627
5,16,16,100,0.2,l2,0.5,0.5,3,48,1,10,5,0.322775689,0.677224311,1.0593808,0.506254776
5,16,16,100,0.2,l1,0.9,0.9,9,144,1,10,5,0.322791682,0.677208318,1.059282604,0.507590696
5,16,16,200,0.1,l2,0.9,0.9,3,48,0.1,1,5,0.322807167,0.677192833,1.059199058,0.506313556
5,16,16,100,0.2,l2,0.9,0.9,9,144,1,10,5,0.32287737,0.67712263,1.059282604,0.506254776
5,16,16,100,0.2,l2,0.9,0.9,7,112,0.1,1,5,0.322886318,0.677113682,1.059949719,0.506313556
5,16,16,200,0.1,l1,0.9,0.9,3,48,1,10,5,0.322905725,0.677094275,1.059305971,0.507590696
5,16,16,200,0.1,l2,0.9,0.9,3,48,1,10,5,0.322996,0.677004,1.059305971,0.506254776
5,16,16,100,0.2,l2,0.5,0.5,9,144,0.01,0.1,5,0.323005583,0.676994417,1.059642492,0.50672502
5,16,16,100,0.2,l1,0.5,0.5,7,112,1,10,5,0.323036042,0.676963958,1.060342882,0.507590696
5,16,16,100,0.2,l1,0.5,0.5,3,48,0.1,1,5,0.323043098,0.676956902,1.059683224,0.513925627
5,16,16,100,0.2,l1,0.7,0.7,9,144,1,10,5,0.323114695,0.676885305,1.059448735,0.507590696
5,16,16,100,0.2,l2,0.5,0.5,7,112,1,10,5,0.3231262,0.6768738,1.060342882,0.506254776
5,16,16,200,0.1,l2,0.5,0.5,9,144,0.1,1,5,0.323179294,0.676820706,1.059983024,0.506313556
5,16,16,100,0.2,l2,0.7,0.7,9,144,1,10,5,0.32319655,0.67680345,1.059448735,0.506254776
5,16,16,200,0.1,l1,0.5,0.5,3,48,0.1,1,5,0.323275697,0.676724303,1.059479668,0.513925627
5,16,16,200,0.1,l2,0.9,0.9,9,144,0.1,1,5,0.323286582,0.676713418,1.059768327,0.506313556
5,16,16,100,0.2,l1,0.9,0.9,9,144,0.1,1,5,0.32332174,0.676683826,1.059481302,0.513925627
5,16,16,200,0.1,l1,0.9,0.9,9,144,1,10,5,0.323408027,0.676591973,1.059816626,0.507590696
5,16,16,200,0.1,l1,0.7,0.7,9,144,1,10,5,0.323408481,0.676591519,1.059676045,0.507590696
5,16,16,100,0.2,l2,0.9,0.9,5,80,0.01,0.1,5,0.323411179,0.676588821,1.058886619,0.50672502
5,16,16,100,0.2,l1,0.9,0.9,3,48,0.1,1,5,0.323432504,0.676567496,1.058933334,0.513925627
5,16,16,200,0.1,l2,0.9,0.9,5,80,0.01,0.1,5,0.323498855,0.676501145,1.059473196,0.50672502
5,16,16,200,0.1,l2,0.7,0.7,9,144,1,10,5,0.323500003,0.676499997,1.059676045,0.506254776
5,16,16,200,0.1,l2,0.7,0.7,3,48,0.1,1,5,0.32350211,0.67649789,1.059079305,0.506313556
5,16,16,200,0.1,l1,0.5,0.5,3,48,1,10,5,0.323553797,0.676446203,1.059522165,0.507590696
5,16,16,100,0.2,l1,0.7,0.7,9,144,0.1,1,5,0.323567324,0.676432676,1.05954864,0.513925627
5,16,16,200,0.1,l2,0.5,0.5,5,80,0.01,0.1,5,0.323608496,0.676391504,1.059708053,0.50672502
5,16,16,200,0.1,l2,0.5,0.5,3,48,1,10,5,0.323647195,0.676352805,1.059522165,0.506254776
5,16,16,100,0.2,l1,0.9,0.9,7,112,1,10,5,0.323695952,0.676304048,1.060306079,0.507590696
5,16,16,200,0.1,l2,0.9,0.9,9,144,1,10,5,0.323767339,0.676232661,1.059816626,0.506254776
5,16,16,100,0.2,l1,0.7,0.7,3,48,0.1,1,5,0.32378442,0.67621558,1.058881255,0.513925627
5,16,16,100,0.2,l2,0.9,0.9,7,112,1,10,5,0.32379024,0.67620976,1.060306079,0.506254776
5,16,16,200,0.1,l1,0.5,0.5,9,144,1,10,5,0.323821319,0.676178681,1.060007059,0.507590696
5,16,16,200,0.1,l2,0.7,0.7,5,80,0.01,0.1,5,0.323901635,0.676098365,1.059490095,0.50672502
5,16,16,200,0.1,l2,0.5,0.5,9,144,1,10,5,0.323906674,0.676093326,1.060007059,0.506254776
5,16,16,100,0.2,l2,0.5,0.5,3,48,0.1,1,5,0.323929185,0.676070815,1.059683224,0.506313556
5,16,16,200,0.1,l1,0.7,0.7,3,48,1,10,5,0.324089904,0.675910096,1.059310189,0.507590696
5,16,16,200,0.1,l2,0.7,0.7,3,48,1,10,5,0.324181876,0.675818124,1.059310189,0.506254776
5,16,16,200,0.1,l2,0.5,0.5,3,48,0.1,1,5,0.324191631,0.675808369,1.059479668,0.506313556
5,16,16,100,0.2,l2,0.9,0.9,9,144,0.1,1,5,0.324219019,0.675780981,1.059481302,0.506313556
5,16,16,100,0.2,l2,0.5,0.5,5,80,0.01,0.1,5,0.324265465,0.675734535,1.059884659,0.50672502
5,16,16,100,0.2,l1,0.5,0.5,9,144,0.1,1,5,0.324450254,0.675549746,1.059493685,0.513925627
5,16,16,100,0.2,l2,0.7,0.7,9,144,0.1,1,5,0.324617081,0.675382919,1.05954864,0.506313556
5,16,16,100,0.2,l2,0.9,0.9,3,48,0.1,1,5,0.324661549,0.675338451,1.058933334,0.506313556
5,16,16,200,0.1,l1,0.9,0.9,5,80,0.1,1,5,0.324729308,0.675270692,1.059462307,0.513925627
5,16,16,100,0.2,l1,0.9,0.9,3,48,1,10,5,0.324731952,0.675268048,1.059044785,0.507590696
5,16,16,100,0.2,l2,0.9,0.9,3,48,1,10,5,0.32481286,0.67518714,1.059044785,0.506254776
5,16,16,100,0.2,l2,0.7,0.7,5,80,0.01,0.1,5,0.324902353,0.675097647,1.059005919,0.50672502
5,16,16,100,0.2,l2,0.7,0.7,3,48,0.1,1,5,0.324920917,0.675079083,1.058881255,0.506313556
5,16,16,100,0.2,l2,0.5,0.5,9,144,0.1,1,5,0.325401123,0.674598877,1.059493685,0.506313556
5,16,16,100,0.2,l1,0.9,0.9,5,80,0.1,1,5,0.325535472,0.674464528,1.058879342,0.513925627
5,16,16,100,0.2,l1,0.5,0.5,9,144,1,10,5,0.325589524,0.674410476,1.059605898,0.507590696
5,16,16,200,0.1,l1,0.7,0.7,5,80,0.1,1,5,0.325598521,0.674401479,1.059478383,0.513925627
5,16,16,200,0.1,l2,0.9,0.9,5,80,0.1,1,5,0.325632082,0.674367918,1.059462307,0.506313556
5,16,16,100,0.2,l2,0.5,0.5,9,144,1,10,5,0.325668413,0.674331587,1.059605898,0.506254776
5,16,16,200,0.1,l1,0.5,0.5,5,80,0.1,1,5,0.325944474,0.674055526,1.05970244,0.513925627
5,16,16,100,0.2,l1,0.7,0.7,3,48,1,10,5,0.325963546,0.674036454,1.059545773,0.507590696
5,16,16,100,0.2,l1,0.7,0.7,5,80,0.1,1,5,0.32598051,0.67401949,1.059212455,0.513925627
5,16,16,100,0.2,l2,0.7,0.7,3,48,1,10,5,0.326051876,0.673948124,1.059545773,0.506254776
5,16,16,200,0.1,l1,0.7,0.7,5,80,1,10,5,0.326126565,0.673873435,1.059205817,0.507590696
5,16,16,200,0.1,l2,0.7,0.7,5,80,1,10,5,0.326212631,0.673787369,1.059205817,0.506254776
5,16,16,100,0.2,l2,0.9,0.9,5,80,0.1,1,5,0.326238255,0.673761745,1.058879342,0.506313556
5,16,16,200,0.1,l1,0.9,0.9,5,80,1,10,5,0.32632859,0.673683141,1.059243349,0.507590696
5,16,16,200,0.1,l2,0.9,0.9,5,80,1,10,5,0.326402309,0.673597691,1.059243349,0.506254776
5,16,16,100,0.2,l1,0.5,0.5,5,80,0.1,1,5,0.326420252,0.673579748,1.059870706,0.513925627
5,16,16,100,0.2,l1,0.7,0.7,5,80,1,10,5,0.326534479,0.673465521,1.058957571,0.507590696
5,16,16,100,0.2,l2,0.7,0.7,5,80,1,10,5,0.326628353,0.673371647,1.058957571,0.506254776
5,16,16,200,0.1,l1,0.5,0.5,5,80,1,10,5,0.326859241,0.673140759,1.059403321,0.507590696
5,16,16,200,0.1,l2,0.5,0.5,5,80,0.1,1,5,0.326874524,0.673125476,1.05970244,0.506313556
5,16,16,200,0.1,l2,0.7,0.7,5,80,0.1,1,5,0.326929084,0.673070916,1.059478383,0.506313556
5,16,16,200,0.1,l2,0.5,0.5,5,80,1,10,5,0.326945084,0.673054916,1.059403321,0.506254776
5,16,16,100,0.2,l2,0.7,0.7,5,80,0.1,1,5,0.327002763,0.672997237,1.059212455,0.506313556
5,16,16,100,0.2,l1,0.5,0.5,5,80,1,10,5,0.327470753,0.672529247,1.059541457,0.507590696
5,16,16,100,0.2,l2,0.5,0.5,5,80,0.1,1,5,0.327473373,0.672526627,1.059870706,0.506313556
5,16,16,100,0.2,l2,0.5,0.5,5,80,1,10,5,0.327931518,0.672068482,1.059541457,0.506254776
5,16,16,100,0.2,l1,0.9,0.9,5,80,1,10,5,0.328119926,0.671880074,1.058749106,0.507590696
5,16,16,100,0.2,l2,0.9,0.9,5,80,1,10,5,0.32821791,0.67178209,1.058749106,0.506254776
